file_name,package,servlet_path,vulnerability,source_code,category,cwe,real_vulnerability
BenchmarkTest01685.java,org.owasp.benchmark.testcode,/cmdi-01/BenchmarkTest01685,Command Injection,"/**
 * OWASP Benchmark Project v1.2
 *
 * <p>This file is part of the Open Web Application Security Project (OWASP) Benchmark Project. For
 * details, please see <a
 * href=""https://owasp.org/www-project-benchmark/"">https://owasp.org/www-project-benchmark/</a>.
 *
 * <p>The OWASP Benchmark is free software: you can redistribute it and/or modify it under the terms
 * of the GNU General Public License as published by the Free Software Foundation, version 2.
 *
 * <p>The OWASP Benchmark is distributed in the hope that it will be useful, but WITHOUT ANY
 * WARRANTY; without even the implied warranty of MERCHANTABILITY or FITNESS FOR A PARTICULAR
 * PURPOSE. See the GNU General Public License for more details.
 *
 * @author Dave Wichers
 * @created 2015
 */
package org.owasp.benchmark.testcode;

import java.io.IOException;
import javax.servlet.ServletException;
import javax.servlet.annotation.WebServlet;
import javax.servlet.http.HttpServlet;
import javax.servlet.http.HttpServletRequest;
import javax.servlet.http.HttpServletResponse;

@WebServlet(value = ""/cmdi-01/BenchmarkTest01685"")
public class BenchmarkTest01685 extends HttpServlet {

    private static final long serialVersionUID = 1L;

    @Override
    public void doGet(HttpServletRequest request, HttpServletResponse response)
            throws ServletException, IOException {
        doPost(request, response);
    }

    @Override
    public void doPost(HttpServletRequest request, HttpServletResponse response)
            throws ServletException, IOException {
        response.setContentType(""text/html;charset=UTF-8"");

        String queryString = request.getQueryString();
        String paramval = ""BenchmarkTest01685"" + ""="";
        int paramLoc = -1;
        if (queryString != null) paramLoc = queryString.indexOf(paramval);
        if (paramLoc == -1) {
            response.getWriter()
                    .println(
                            ""getQueryString() couldn't find expected parameter '""
                                    + ""BenchmarkTest01685""
                                    + ""' in query string."");
            return;
        }

        String param =
                queryString.substring(
                        paramLoc
                                + paramval
                                        .length()); // 1st assume ""BenchmarkTest01685"" param is last
        // parameter in query string.
        // And then check to see if its in the middle of the query string and if so, trim off what
        // comes after.
        int ampersandLoc = queryString.indexOf(""&"", paramLoc);
        if (ampersandLoc != -1) {
            param = queryString.substring(paramLoc + paramval.length(), ampersandLoc);
        }
        param = java.net.URLDecoder.decode(param, ""UTF-8"");

        String bar = new Test().doSomething(request, param);

        String cmd = """";
        String a1 = """";
        String a2 = """";
        String[] args = null;
        String osName = System.getProperty(""os.name"");

        if (osName.indexOf(""Windows"") != -1) {
            a1 = ""cmd.exe"";
            a2 = ""/c"";
            cmd = ""echo "";
            args = new String[] {a1, a2, cmd, bar};
        } else {
            a1 = ""sh"";
            a2 = ""-c"";
            cmd = org.owasp.benchmark.helpers.Utils.getOSCommandString(""ls "");
            args = new String[] {a1, a2, cmd + bar};
        }

        String[] argsEnv = {""foo=bar""};

        Runtime r = Runtime.getRuntime();

        try {
            Process p = r.exec(args, argsEnv);
            org.owasp.benchmark.helpers.Utils.printOSCommandResults(p, response);
        } catch (IOException e) {
            System.out.println(""Problem executing cmdi - TestCase"");
            response.getWriter()
                    .println(org.owasp.esapi.ESAPI.encoder().encodeForHTML(e.getMessage()));
            return;
        }
    } // end doPost

    private class Test {

        public String doSomething(HttpServletRequest request, String param)
                throws ServletException, IOException {

            String bar;

            // Simple if statement that assigns param to bar on true condition
            int num = 196;
            if ((500 / 42) + num > 200) bar = param;
            else bar = ""This should never happen"";

            return bar;
        }
    } // end innerclass Test
} // end DataflowThruInnerClass
", cmdi,78,True
BenchmarkTest00311.java,org.owasp.benchmark.testcode,/cmdi-00/BenchmarkTest00311,Command Injection,"/**
 * OWASP Benchmark Project v1.2
 *
 * <p>This file is part of the Open Web Application Security Project (OWASP) Benchmark Project. For
 * details, please see <a
 * href=""https://owasp.org/www-project-benchmark/"">https://owasp.org/www-project-benchmark/</a>.
 *
 * <p>The OWASP Benchmark is free software: you can redistribute it and/or modify it under the terms
 * of the GNU General Public License as published by the Free Software Foundation, version 2.
 *
 * <p>The OWASP Benchmark is distributed in the hope that it will be useful, but WITHOUT ANY
 * WARRANTY; without even the implied warranty of MERCHANTABILITY or FITNESS FOR A PARTICULAR
 * PURPOSE. See the GNU General Public License for more details.
 *
 * @author Nick Sanidas
 * @created 2015
 */
package org.owasp.benchmark.testcode;

import java.io.IOException;
import javax.servlet.ServletException;
import javax.servlet.annotation.WebServlet;
import javax.servlet.http.HttpServlet;
import javax.servlet.http.HttpServletRequest;
import javax.servlet.http.HttpServletResponse;

@WebServlet(value = ""/cmdi-00/BenchmarkTest00311"")
public class BenchmarkTest00311 extends HttpServlet {

    private static final long serialVersionUID = 1L;

    @Override
    public void doGet(HttpServletRequest request, HttpServletResponse response)
            throws ServletException, IOException {
        doPost(request, response);
    }

    @Override
    public void doPost(HttpServletRequest request, HttpServletResponse response)
            throws ServletException, IOException {
        response.setContentType(""text/html;charset=UTF-8"");

        String param = """";
        java.util.Enumeration<String> headers = request.getHeaders(""BenchmarkTest00311"");

        if (headers != null && headers.hasMoreElements()) {
            param = headers.nextElement(); // just grab first element
        }

        // URL Decode the header value since req.getHeaders() doesn't. Unlike req.getParameters().
        param = java.net.URLDecoder.decode(param, ""UTF-8"");

        String bar;
        String guess = ""ABC"";
        char switchTarget = guess.charAt(2);

        // Simple case statement that assigns param to bar on conditions 'A', 'C', or 'D'
        switch (switchTarget) {
            case 'A':
                bar = param;
                break;
            case 'B':
                bar = ""bobs_your_uncle"";
                break;
            case 'C':
            case 'D':
                bar = param;
                break;
            default:
                bar = ""bobs_your_uncle"";
                break;
        }

        String cmd =
                org.owasp.benchmark.helpers.Utils.getInsecureOSCommandString(
                        this.getClass().getClassLoader());
        String[] argsEnv = {bar};
        Runtime r = Runtime.getRuntime();
        try {
            Process p = r.exec(cmd, argsEnv, new java.io.File(System.getProperty(""user.dir"")));
            org.owasp.benchmark.helpers.Utils.printOSCommandResults(p, response);
        } catch (IOException e) {
            System.out.println(""Problem executing cmdi - TestCase"");
            response.getWriter()
                    .println(org.owasp.esapi.ESAPI.encoder().encodeForHTML(e.getMessage()));
            return;
        }
    }
}
", cmdi,78,True
BenchmarkTest02496.java,org.owasp.benchmark.testcode,/cmdi-02/BenchmarkTest02496,Command Injection,"/**
 * OWASP Benchmark Project v1.2
 *
 * <p>This file is part of the Open Web Application Security Project (OWASP) Benchmark Project. For
 * details, please see <a
 * href=""https://owasp.org/www-project-benchmark/"">https://owasp.org/www-project-benchmark/</a>.
 *
 * <p>The OWASP Benchmark is free software: you can redistribute it and/or modify it under the terms
 * of the GNU General Public License as published by the Free Software Foundation, version 2.
 *
 * <p>The OWASP Benchmark is distributed in the hope that it will be useful, but WITHOUT ANY
 * WARRANTY; without even the implied warranty of MERCHANTABILITY or FITNESS FOR A PARTICULAR
 * PURPOSE. See the GNU General Public License for more details.
 *
 * @author Nick Sanidas
 * @created 2015
 */
package org.owasp.benchmark.testcode;

import java.io.IOException;
import javax.servlet.ServletException;
import javax.servlet.annotation.WebServlet;
import javax.servlet.http.HttpServlet;
import javax.servlet.http.HttpServletRequest;
import javax.servlet.http.HttpServletResponse;

@WebServlet(value = ""/cmdi-02/BenchmarkTest02496"")
public class BenchmarkTest02496 extends HttpServlet {

    private static final long serialVersionUID = 1L;

    @Override
    public void doGet(HttpServletRequest request, HttpServletResponse response)
            throws ServletException, IOException {
        doPost(request, response);
    }

    @Override
    public void doPost(HttpServletRequest request, HttpServletResponse response)
            throws ServletException, IOException {
        response.setContentType(""text/html;charset=UTF-8"");

        String[] values = request.getParameterValues(""BenchmarkTest02496"");
        String param;
        if (values != null && values.length > 0) param = values[0];
        else param = """";

        String bar = doSomething(request, param);

        String a1 = """";
        String a2 = """";
        String osName = System.getProperty(""os.name"");
        if (osName.indexOf(""Windows"") != -1) {
            a1 = ""cmd.exe"";
            a2 = ""/c"";
        } else {
            a1 = ""sh"";
            a2 = ""-c"";
        }
        String[] args = {a1, a2, ""echo "" + bar};

        ProcessBuilder pb = new ProcessBuilder();

        pb.command(args);

        try {
            Process p = pb.start();
            org.owasp.benchmark.helpers.Utils.printOSCommandResults(p, response);
        } catch (IOException e) {
            System.out.println(
                    ""Problem executing cmdi - java.lang.ProcessBuilder(java.util.List) Test Case"");
            throw new ServletException(e);
        }
    } // end doPost

    private static String doSomething(HttpServletRequest request, String param)
            throws ServletException, IOException {

        String bar;

        // Simple if statement that assigns param to bar on true condition
        int num = 196;
        if ((500 / 42) + num > 200) bar = param;
        else bar = ""This should never happen"";

        return bar;
    }
}
", cmdi,78,True
BenchmarkTest01533.java,org.owasp.benchmark.testcode,/cmdi-01/BenchmarkTest01533,Command Injection,"/**
 * OWASP Benchmark Project v1.2
 *
 * <p>This file is part of the Open Web Application Security Project (OWASP) Benchmark Project. For
 * details, please see <a
 * href=""https://owasp.org/www-project-benchmark/"">https://owasp.org/www-project-benchmark/</a>.
 *
 * <p>The OWASP Benchmark is free software: you can redistribute it and/or modify it under the terms
 * of the GNU General Public License as published by the Free Software Foundation, version 2.
 *
 * <p>The OWASP Benchmark is distributed in the hope that it will be useful, but WITHOUT ANY
 * WARRANTY; without even the implied warranty of MERCHANTABILITY or FITNESS FOR A PARTICULAR
 * PURPOSE. See the GNU General Public License for more details.
 *
 * @author Dave Wichers
 * @created 2015
 */
package org.owasp.benchmark.testcode;

import java.io.IOException;
import javax.servlet.ServletException;
import javax.servlet.annotation.WebServlet;
import javax.servlet.http.HttpServlet;
import javax.servlet.http.HttpServletRequest;
import javax.servlet.http.HttpServletResponse;

@WebServlet(value = ""/cmdi-01/BenchmarkTest01533"")
public class BenchmarkTest01533 extends HttpServlet {

    private static final long serialVersionUID = 1L;

    @Override
    public void doGet(HttpServletRequest request, HttpServletResponse response)
            throws ServletException, IOException {
        doPost(request, response);
    }

    @Override
    public void doPost(HttpServletRequest request, HttpServletResponse response)
            throws ServletException, IOException {
        response.setContentType(""text/html;charset=UTF-8"");

        org.owasp.benchmark.helpers.SeparateClassRequest scr =
                new org.owasp.benchmark.helpers.SeparateClassRequest(request);
        String param = scr.getTheParameter(""BenchmarkTest01533"");
        if (param == null) param = """";

        String bar = new Test().doSomething(request, param);

        String cmd =
                org.owasp.benchmark.helpers.Utils.getInsecureOSCommandString(
                        this.getClass().getClassLoader());
        String[] argsEnv = {bar};
        Runtime r = Runtime.getRuntime();
        try {
            Process p = r.exec(cmd, argsEnv, new java.io.File(System.getProperty(""user.dir"")));
            org.owasp.benchmark.helpers.Utils.printOSCommandResults(p, response);
        } catch (IOException e) {
            System.out.println(""Problem executing cmdi - TestCase"");
            response.getWriter()
                    .println(org.owasp.esapi.ESAPI.encoder().encodeForHTML(e.getMessage()));
            return;
        }
    } // end doPost

    private class Test {

        public String doSomething(HttpServletRequest request, String param)
                throws ServletException, IOException {

            String bar = """";
            if (param != null) {
                bar =
                        new String(
                                org.apache.commons.codec.binary.Base64.decodeBase64(
                                        org.apache.commons.codec.binary.Base64.encodeBase64(
                                                param.getBytes())));
            }

            return bar;
        }
    } // end innerclass Test
} // end DataflowThruInnerClass
", cmdi,78,True
BenchmarkTest02151.java,org.owasp.benchmark.testcode,/cmdi-02/BenchmarkTest02151,Command Injection,"/**
 * OWASP Benchmark Project v1.2
 *
 * <p>This file is part of the Open Web Application Security Project (OWASP) Benchmark Project. For
 * details, please see <a
 * href=""https://owasp.org/www-project-benchmark/"">https://owasp.org/www-project-benchmark/</a>.
 *
 * <p>The OWASP Benchmark is free software: you can redistribute it and/or modify it under the terms
 * of the GNU General Public License as published by the Free Software Foundation, version 2.
 *
 * <p>The OWASP Benchmark is distributed in the hope that it will be useful, but WITHOUT ANY
 * WARRANTY; without even the implied warranty of MERCHANTABILITY or FITNESS FOR A PARTICULAR
 * PURPOSE. See the GNU General Public License for more details.
 *
 * @author Nick Sanidas
 * @created 2015
 */
package org.owasp.benchmark.testcode;

import java.io.IOException;
import javax.servlet.ServletException;
import javax.servlet.annotation.WebServlet;
import javax.servlet.http.HttpServlet;
import javax.servlet.http.HttpServletRequest;
import javax.servlet.http.HttpServletResponse;

@WebServlet(value = ""/cmdi-02/BenchmarkTest02151"")
public class BenchmarkTest02151 extends HttpServlet {

    private static final long serialVersionUID = 1L;

    @Override
    public void doGet(HttpServletRequest request, HttpServletResponse response)
            throws ServletException, IOException {
        doPost(request, response);
    }

    @Override
    public void doPost(HttpServletRequest request, HttpServletResponse response)
            throws ServletException, IOException {
        response.setContentType(""text/html;charset=UTF-8"");

        String param = request.getParameter(""BenchmarkTest02151"");
        if (param == null) param = """";

        String bar = doSomething(request, param);

        String cmd = """";
        String a1 = """";
        String a2 = """";
        String[] args = null;
        String osName = System.getProperty(""os.name"");

        if (osName.indexOf(""Windows"") != -1) {
            a1 = ""cmd.exe"";
            a2 = ""/c"";
            cmd = ""echo "";
            args = new String[] {a1, a2, cmd, bar};
        } else {
            a1 = ""sh"";
            a2 = ""-c"";
            cmd = org.owasp.benchmark.helpers.Utils.getOSCommandString(""ls "");
            args = new String[] {a1, a2, cmd + bar};
        }

        String[] argsEnv = {""foo=bar""};

        Runtime r = Runtime.getRuntime();

        try {
            Process p = r.exec(args, argsEnv, new java.io.File(System.getProperty(""user.dir"")));
            org.owasp.benchmark.helpers.Utils.printOSCommandResults(p, response);
        } catch (IOException e) {
            System.out.println(""Problem executing cmdi - TestCase"");
            response.getWriter()
                    .println(org.owasp.esapi.ESAPI.encoder().encodeForHTML(e.getMessage()));
            return;
        }
    } // end doPost

    private static String doSomething(HttpServletRequest request, String param)
            throws ServletException, IOException {

        String bar = """";
        if (param != null) {
            java.util.List<String> valuesList = new java.util.ArrayList<String>();
            valuesList.add(""safe"");
            valuesList.add(param);
            valuesList.add(""moresafe"");

            valuesList.remove(0); // remove the 1st safe value

            bar = valuesList.get(0); // get the param value
        }

        return bar;
    }
}
", cmdi,78,True
BenchmarkTest01850.java,org.owasp.benchmark.testcode,/cmdi-02/BenchmarkTest01850,Command Injection,"/**
 * OWASP Benchmark Project v1.2
 *
 * <p>This file is part of the Open Web Application Security Project (OWASP) Benchmark Project. For
 * details, please see <a
 * href=""https://owasp.org/www-project-benchmark/"">https://owasp.org/www-project-benchmark/</a>.
 *
 * <p>The OWASP Benchmark is free software: you can redistribute it and/or modify it under the terms
 * of the GNU General Public License as published by the Free Software Foundation, version 2.
 *
 * <p>The OWASP Benchmark is distributed in the hope that it will be useful, but WITHOUT ANY
 * WARRANTY; without even the implied warranty of MERCHANTABILITY or FITNESS FOR A PARTICULAR
 * PURPOSE. See the GNU General Public License for more details.
 *
 * @author Nick Sanidas
 * @created 2015
 */
package org.owasp.benchmark.testcode;

import java.io.IOException;
import javax.servlet.ServletException;
import javax.servlet.annotation.WebServlet;
import javax.servlet.http.HttpServlet;
import javax.servlet.http.HttpServletRequest;
import javax.servlet.http.HttpServletResponse;

@WebServlet(value = ""/cmdi-02/BenchmarkTest01850"")
public class BenchmarkTest01850 extends HttpServlet {

    private static final long serialVersionUID = 1L;

    @Override
    public void doGet(HttpServletRequest request, HttpServletResponse response)
            throws ServletException, IOException {
        response.setContentType(""text/html;charset=UTF-8"");
        javax.servlet.http.Cookie userCookie =
                new javax.servlet.http.Cookie(""BenchmarkTest01850"", ""ECHOOO"");
        userCookie.setMaxAge(60 * 3); // Store cookie for 3 minutes
        userCookie.setSecure(true);
        userCookie.setHttpOnly(true);
        userCookie.setPath(request.getRequestURI());
        userCookie.setDomain(new java.net.URL(request.getRequestURL().toString()).getHost());
        response.addCookie(userCookie);
        javax.servlet.RequestDispatcher rd =
                request.getRequestDispatcher(""/cmdi-02/BenchmarkTest01850.html"");
        rd.include(request, response);
    }

    @Override
    public void doPost(HttpServletRequest request, HttpServletResponse response)
            throws ServletException, IOException {
        response.setContentType(""text/html;charset=UTF-8"");

        javax.servlet.http.Cookie[] theCookies = request.getCookies();

        String param = ""noCookieValueSupplied"";
        if (theCookies != null) {
            for (javax.servlet.http.Cookie theCookie : theCookies) {
                if (theCookie.getName().equals(""BenchmarkTest01850"")) {
                    param = java.net.URLDecoder.decode(theCookie.getValue(), ""UTF-8"");
                    break;
                }
            }
        }

        String bar = doSomething(request, param);

        java.util.List<String> argList = new java.util.ArrayList<String>();

        String osName = System.getProperty(""os.name"");
        if (osName.indexOf(""Windows"") != -1) {
            argList.add(""cmd.exe"");
            argList.add(""/c"");
        } else {
            argList.add(""sh"");
            argList.add(""-c"");
        }
        argList.add(""echo "" + bar);

        ProcessBuilder pb = new ProcessBuilder(argList);

        try {
            Process p = pb.start();
            org.owasp.benchmark.helpers.Utils.printOSCommandResults(p, response);
        } catch (IOException e) {
            System.out.println(
                    ""Problem executing cmdi - java.lang.ProcessBuilder(java.util.List) Test Case"");
            throw new ServletException(e);
        }
    } // end doPost

    private static String doSomething(HttpServletRequest request, String param)
            throws ServletException, IOException {

        String bar;

        // Simple ? condition that assigns param to bar on false condition
        int num = 106;

        bar = (7 * 42) - num > 200 ? ""This should never happen"" : param;

        return bar;
    }
}
", cmdi,78,True
BenchmarkTest00573.java,org.owasp.benchmark.testcode,/cmdi-00/BenchmarkTest00573,Command Injection,"/**
 * OWASP Benchmark Project v1.2
 *
 * <p>This file is part of the Open Web Application Security Project (OWASP) Benchmark Project. For
 * details, please see <a
 * href=""https://owasp.org/www-project-benchmark/"">https://owasp.org/www-project-benchmark/</a>.
 *
 * <p>The OWASP Benchmark is free software: you can redistribute it and/or modify it under the terms
 * of the GNU General Public License as published by the Free Software Foundation, version 2.
 *
 * <p>The OWASP Benchmark is distributed in the hope that it will be useful, but WITHOUT ANY
 * WARRANTY; without even the implied warranty of MERCHANTABILITY or FITNESS FOR A PARTICULAR
 * PURPOSE. See the GNU General Public License for more details.
 *
 * @author Nick Sanidas
 * @created 2015
 */
package org.owasp.benchmark.testcode;

import java.io.IOException;
import javax.servlet.ServletException;
import javax.servlet.annotation.WebServlet;
import javax.servlet.http.HttpServlet;
import javax.servlet.http.HttpServletRequest;
import javax.servlet.http.HttpServletResponse;

@WebServlet(value = ""/cmdi-00/BenchmarkTest00573"")
public class BenchmarkTest00573 extends HttpServlet {

    private static final long serialVersionUID = 1L;

    @Override
    public void doGet(HttpServletRequest request, HttpServletResponse response)
            throws ServletException, IOException {
        doPost(request, response);
    }

    @Override
    public void doPost(HttpServletRequest request, HttpServletResponse response)
            throws ServletException, IOException {
        response.setContentType(""text/html;charset=UTF-8"");

        String param = """";
        boolean flag = true;
        java.util.Enumeration<String> names = request.getParameterNames();
        while (names.hasMoreElements() && flag) {
            String name = (String) names.nextElement();
            String[] values = request.getParameterValues(name);
            if (values != null) {
                for (int i = 0; i < values.length && flag; i++) {
                    String value = values[i];
                    if (value.equals(""BenchmarkTest00573"")) {
                        param = name;
                        flag = false;
                    }
                }
            }
        }

        String bar = param;

        String cmd =
                org.owasp.benchmark.helpers.Utils.getInsecureOSCommandString(
                        this.getClass().getClassLoader());

        String[] argsEnv = {bar};
        Runtime r = Runtime.getRuntime();

        try {
            Process p = r.exec(cmd, argsEnv);
            org.owasp.benchmark.helpers.Utils.printOSCommandResults(p, response);
        } catch (IOException e) {
            System.out.println(""Problem executing cmdi - TestCase"");
            response.getWriter()
                    .println(org.owasp.esapi.ESAPI.encoder().encodeForHTML(e.getMessage()));
            return;
        }
    }
}
", cmdi,78,True
BenchmarkTest01285.java,org.owasp.benchmark.testcode,/cmdi-01/BenchmarkTest01285,Command Injection,"/**
 * OWASP Benchmark Project v1.2
 *
 * <p>This file is part of the Open Web Application Security Project (OWASP) Benchmark Project. For
 * details, please see <a
 * href=""https://owasp.org/www-project-benchmark/"">https://owasp.org/www-project-benchmark/</a>.
 *
 * <p>The OWASP Benchmark is free software: you can redistribute it and/or modify it under the terms
 * of the GNU General Public License as published by the Free Software Foundation, version 2.
 *
 * <p>The OWASP Benchmark is distributed in the hope that it will be useful, but WITHOUT ANY
 * WARRANTY; without even the implied warranty of MERCHANTABILITY or FITNESS FOR A PARTICULAR
 * PURPOSE. See the GNU General Public License for more details.
 *
 * @author Dave Wichers
 * @created 2015
 */
package org.owasp.benchmark.testcode;

import java.io.IOException;
import javax.servlet.ServletException;
import javax.servlet.annotation.WebServlet;
import javax.servlet.http.HttpServlet;
import javax.servlet.http.HttpServletRequest;
import javax.servlet.http.HttpServletResponse;

@WebServlet(value = ""/cmdi-01/BenchmarkTest01285"")
public class BenchmarkTest01285 extends HttpServlet {

    private static final long serialVersionUID = 1L;

    @Override
    public void doGet(HttpServletRequest request, HttpServletResponse response)
            throws ServletException, IOException {
        doPost(request, response);
    }

    @Override
    public void doPost(HttpServletRequest request, HttpServletResponse response)
            throws ServletException, IOException {
        response.setContentType(""text/html;charset=UTF-8"");

        String param = request.getParameter(""BenchmarkTest01285"");
        if (param == null) param = """";

        String bar = new Test().doSomething(request, param);

        String cmd = """";
        String osName = System.getProperty(""os.name"");
        if (osName.indexOf(""Windows"") != -1) {
            cmd = org.owasp.benchmark.helpers.Utils.getOSCommandString(""echo"");
        }

        Runtime r = Runtime.getRuntime();

        try {
            Process p = r.exec(cmd + bar);
            org.owasp.benchmark.helpers.Utils.printOSCommandResults(p, response);
        } catch (IOException e) {
            System.out.println(""Problem executing cmdi - TestCase"");
            response.getWriter()
                    .println(org.owasp.esapi.ESAPI.encoder().encodeForHTML(e.getMessage()));
            return;
        }
    } // end doPost

    private class Test {

        public String doSomething(HttpServletRequest request, String param)
                throws ServletException, IOException {

            String bar = """";
            if (param != null) {
                java.util.List<String> valuesList = new java.util.ArrayList<String>();
                valuesList.add(""safe"");
                valuesList.add(param);
                valuesList.add(""moresafe"");

                valuesList.remove(0); // remove the 1st safe value

                bar = valuesList.get(0); // get the param value
            }

            return bar;
        }
    } // end innerclass Test
} // end DataflowThruInnerClass
", cmdi,78,True
BenchmarkTest02511.java,org.owasp.benchmark.testcode,/cmdi-02/BenchmarkTest02511,Command Injection,"/**
 * OWASP Benchmark Project v1.2
 *
 * <p>This file is part of the Open Web Application Security Project (OWASP) Benchmark Project. For
 * details, please see <a
 * href=""https://owasp.org/www-project-benchmark/"">https://owasp.org/www-project-benchmark/</a>.
 *
 * <p>The OWASP Benchmark is free software: you can redistribute it and/or modify it under the terms
 * of the GNU General Public License as published by the Free Software Foundation, version 2.
 *
 * <p>The OWASP Benchmark is distributed in the hope that it will be useful, but WITHOUT ANY
 * WARRANTY; without even the implied warranty of MERCHANTABILITY or FITNESS FOR A PARTICULAR
 * PURPOSE. See the GNU General Public License for more details.
 *
 * @author Nick Sanidas
 * @created 2015
 */
package org.owasp.benchmark.testcode;

import java.io.IOException;
import javax.servlet.ServletException;
import javax.servlet.annotation.WebServlet;
import javax.servlet.http.HttpServlet;
import javax.servlet.http.HttpServletRequest;
import javax.servlet.http.HttpServletResponse;

@WebServlet(value = ""/cmdi-02/BenchmarkTest02511"")
public class BenchmarkTest02511 extends HttpServlet {

    private static final long serialVersionUID = 1L;

    @Override
    public void doGet(HttpServletRequest request, HttpServletResponse response)
            throws ServletException, IOException {
        doPost(request, response);
    }

    @Override
    public void doPost(HttpServletRequest request, HttpServletResponse response)
            throws ServletException, IOException {
        response.setContentType(""text/html;charset=UTF-8"");

        String[] values = request.getParameterValues(""BenchmarkTest02511"");
        String param;
        if (values != null && values.length > 0) param = values[0];
        else param = """";

        String bar = doSomething(request, param);

        String cmd =
                org.owasp.benchmark.helpers.Utils.getInsecureOSCommandString(
                        this.getClass().getClassLoader());
        String[] args = {cmd};
        String[] argsEnv = {bar};

        Runtime r = Runtime.getRuntime();

        try {
            Process p = r.exec(args, argsEnv);
            org.owasp.benchmark.helpers.Utils.printOSCommandResults(p, response);
        } catch (IOException e) {
            System.out.println(""Problem executing cmdi - TestCase"");
            response.getWriter()
                    .println(org.owasp.esapi.ESAPI.encoder().encodeForHTML(e.getMessage()));
            return;
        }
    } // end doPost

    private static String doSomething(HttpServletRequest request, String param)
            throws ServletException, IOException {

        String bar;

        // Simple if statement that assigns param to bar on true condition
        int num = 196;
        if ((500 / 42) + num > 200) bar = param;
        else bar = ""This should never happen"";

        return bar;
    }
}
", cmdi,78,True
BenchmarkTest00981.java,org.owasp.benchmark.testcode,/cmdi-01/BenchmarkTest00981,Command Injection,"/**
 * OWASP Benchmark Project v1.2
 *
 * <p>This file is part of the Open Web Application Security Project (OWASP) Benchmark Project. For
 * details, please see <a
 * href=""https://owasp.org/www-project-benchmark/"">https://owasp.org/www-project-benchmark/</a>.
 *
 * <p>The OWASP Benchmark is free software: you can redistribute it and/or modify it under the terms
 * of the GNU General Public License as published by the Free Software Foundation, version 2.
 *
 * <p>The OWASP Benchmark is distributed in the hope that it will be useful, but WITHOUT ANY
 * WARRANTY; without even the implied warranty of MERCHANTABILITY or FITNESS FOR A PARTICULAR
 * PURPOSE. See the GNU General Public License for more details.
 *
 * @author Dave Wichers
 * @created 2015
 */
package org.owasp.benchmark.testcode;

import java.io.IOException;
import javax.servlet.ServletException;
import javax.servlet.annotation.WebServlet;
import javax.servlet.http.HttpServlet;
import javax.servlet.http.HttpServletRequest;
import javax.servlet.http.HttpServletResponse;

@WebServlet(value = ""/cmdi-01/BenchmarkTest00981"")
public class BenchmarkTest00981 extends HttpServlet {

    private static final long serialVersionUID = 1L;

    @Override
    public void doGet(HttpServletRequest request, HttpServletResponse response)
            throws ServletException, IOException {
        response.setContentType(""text/html;charset=UTF-8"");
        javax.servlet.http.Cookie userCookie =
                new javax.servlet.http.Cookie(""BenchmarkTest00981"", ""."");
        userCookie.setMaxAge(60 * 3); // Store cookie for 3 minutes
        userCookie.setSecure(true);
        userCookie.setHttpOnly(true);
        userCookie.setPath(request.getRequestURI());
        userCookie.setDomain(new java.net.URL(request.getRequestURL().toString()).getHost());
        response.addCookie(userCookie);
        javax.servlet.RequestDispatcher rd =
                request.getRequestDispatcher(""/cmdi-01/BenchmarkTest00981.html"");
        rd.include(request, response);
    }

    @Override
    public void doPost(HttpServletRequest request, HttpServletResponse response)
            throws ServletException, IOException {
        response.setContentType(""text/html;charset=UTF-8"");

        javax.servlet.http.Cookie[] theCookies = request.getCookies();

        String param = ""noCookieValueSupplied"";
        if (theCookies != null) {
            for (javax.servlet.http.Cookie theCookie : theCookies) {
                if (theCookie.getName().equals(""BenchmarkTest00981"")) {
                    param = java.net.URLDecoder.decode(theCookie.getValue(), ""UTF-8"");
                    break;
                }
            }
        }

        String bar = new Test().doSomething(request, param);

        String cmd = """";
        String a1 = """";
        String a2 = """";
        String[] args = null;
        String osName = System.getProperty(""os.name"");

        if (osName.indexOf(""Windows"") != -1) {
            a1 = ""cmd.exe"";
            a2 = ""/c"";
            cmd = ""echo "";
            args = new String[] {a1, a2, cmd, bar};
        } else {
            a1 = ""sh"";
            a2 = ""-c"";
            cmd = org.owasp.benchmark.helpers.Utils.getOSCommandString(""ls "");
            args = new String[] {a1, a2, cmd + bar};
        }

        String[] argsEnv = {""foo=bar""};

        Runtime r = Runtime.getRuntime();

        try {
            Process p = r.exec(args, argsEnv, new java.io.File(System.getProperty(""user.dir"")));
            org.owasp.benchmark.helpers.Utils.printOSCommandResults(p, response);
        } catch (IOException e) {
            System.out.println(""Problem executing cmdi - TestCase"");
            response.getWriter()
                    .println(org.owasp.esapi.ESAPI.encoder().encodeForHTML(e.getMessage()));
            return;
        }
    } // end doPost

    private class Test {

        public String doSomething(HttpServletRequest request, String param)
                throws ServletException, IOException {

            String bar;

            // Simple ? condition that assigns param to bar on false condition
            int num = 106;

            bar = (7 * 42) - num > 200 ? ""This should never happen"" : param;

            return bar;
        }
    } // end innerclass Test
} // end DataflowThruInnerClass
", cmdi,78,True
BenchmarkTest01018.java,org.owasp.benchmark.testcode,/crypto-01/BenchmarkTest01018,Weak Cryptography,"/**
 * OWASP Benchmark Project v1.2
 *
 * <p>This file is part of the Open Web Application Security Project (OWASP) Benchmark Project. For
 * details, please see <a
 * href=""https://owasp.org/www-project-benchmark/"">https://owasp.org/www-project-benchmark/</a>.
 *
 * <p>The OWASP Benchmark is free software: you can redistribute it and/or modify it under the terms
 * of the GNU General Public License as published by the Free Software Foundation, version 2.
 *
 * <p>The OWASP Benchmark is distributed in the hope that it will be useful, but WITHOUT ANY
 * WARRANTY; without even the implied warranty of MERCHANTABILITY or FITNESS FOR A PARTICULAR
 * PURPOSE. See the GNU General Public License for more details.
 *
 * @author Dave Wichers
 * @created 2015
 */
package org.owasp.benchmark.testcode;

import java.io.IOException;
import javax.servlet.ServletException;
import javax.servlet.annotation.WebServlet;
import javax.servlet.http.HttpServlet;
import javax.servlet.http.HttpServletRequest;
import javax.servlet.http.HttpServletResponse;

@WebServlet(value = ""/crypto-01/BenchmarkTest01018"")
public class BenchmarkTest01018 extends HttpServlet {

    private static final long serialVersionUID = 1L;

    @Override
    public void doGet(HttpServletRequest request, HttpServletResponse response)
            throws ServletException, IOException {
        doPost(request, response);
    }

    @Override
    public void doPost(HttpServletRequest request, HttpServletResponse response)
            throws ServletException, IOException {
        response.setContentType(""text/html;charset=UTF-8"");

        String param = """";
        if (request.getHeader(""BenchmarkTest01018"") != null) {
            param = request.getHeader(""BenchmarkTest01018"");
        }

        // URL Decode the header value since req.getHeader() doesn't. Unlike req.getParameter().
        param = java.net.URLDecoder.decode(param, ""UTF-8"");

        String bar = new Test().doSomething(request, param);

        // Code based on example from:
        // http://examples.javacodegeeks.com/core-java/crypto/encrypt-decrypt-file-stream-with-des/
        // 8-byte initialization vector
        //		byte[] iv = {
        //			(byte)0xB2, (byte)0x12, (byte)0xD5, (byte)0xB2,
        //			(byte)0x44, (byte)0x21, (byte)0xC3, (byte)0xC3033
        //		};
        java.security.SecureRandom random = new java.security.SecureRandom();
        byte[] iv = random.generateSeed(8); // DES requires 8 byte keys

        try {
            javax.crypto.Cipher c = javax.crypto.Cipher.getInstance(""DES/CBC/PKCS5Padding"");

            // Prepare the cipher to encrypt
            javax.crypto.SecretKey key = javax.crypto.KeyGenerator.getInstance(""DES"").generateKey();
            java.security.spec.AlgorithmParameterSpec paramSpec =
                    new javax.crypto.spec.IvParameterSpec(iv);
            c.init(javax.crypto.Cipher.ENCRYPT_MODE, key, paramSpec);

            // encrypt and store the results
            byte[] input = {(byte) '?'};
            Object inputParam = bar;
            if (inputParam instanceof String) input = ((String) inputParam).getBytes();
            if (inputParam instanceof java.io.InputStream) {
                byte[] strInput = new byte[1000];
                int i = ((java.io.InputStream) inputParam).read(strInput);
                if (i == -1) {
                    response.getWriter()
                            .println(
                                    ""This input source requires a POST, not a GET. Incompatible UI for the InputStream source."");
                    return;
                }
                input = java.util.Arrays.copyOf(strInput, i);
            }
            byte[] result = c.doFinal(input);

            java.io.File fileTarget =
                    new java.io.File(
                            new java.io.File(org.owasp.benchmark.helpers.Utils.TESTFILES_DIR),
                            ""passwordFile.txt"");
            java.io.FileWriter fw =
                    new java.io.FileWriter(fileTarget, true); // the true will append the new data
            fw.write(
                    ""secret_value=""
                            + org.owasp.esapi.ESAPI.encoder().encodeForBase64(result, true)
                            + ""\n"");
            fw.close();
            response.getWriter()
                    .println(
                            ""Sensitive value: '""
                                    + org.owasp
                                            .esapi
                                            .ESAPI
                                            .encoder()
                                            .encodeForHTML(new String(input))
                                    + ""' encrypted and stored<br/>"");

        } catch (java.security.NoSuchAlgorithmException
                | javax.crypto.NoSuchPaddingException
                | javax.crypto.IllegalBlockSizeException
                | javax.crypto.BadPaddingException
                | java.security.InvalidKeyException
                | java.security.InvalidAlgorithmParameterException e) {
            response.getWriter()
                    .println(
                            ""Problem executing crypto - javax.crypto.Cipher.getInstance(java.lang.String,java.security.Provider) Test Case"");
            e.printStackTrace(response.getWriter());
            throw new ServletException(e);
        }
    } // end doPost

    private class Test {

        public String doSomething(HttpServletRequest request, String param)
                throws ServletException, IOException {

            String bar = org.springframework.web.util.HtmlUtils.htmlEscape(param);

            return bar;
        }
    } // end innerclass Test
} // end DataflowThruInnerClass
", crypto,327,True
BenchmarkTest00691.java,org.owasp.benchmark.testcode,/crypto-00/BenchmarkTest00691,Weak Cryptography,"/**
 * OWASP Benchmark Project v1.2
 *
 * <p>This file is part of the Open Web Application Security Project (OWASP) Benchmark Project. For
 * details, please see <a
 * href=""https://owasp.org/www-project-benchmark/"">https://owasp.org/www-project-benchmark/</a>.
 *
 * <p>The OWASP Benchmark is free software: you can redistribute it and/or modify it under the terms
 * of the GNU General Public License as published by the Free Software Foundation, version 2.
 *
 * <p>The OWASP Benchmark is distributed in the hope that it will be useful, but WITHOUT ANY
 * WARRANTY; without even the implied warranty of MERCHANTABILITY or FITNESS FOR A PARTICULAR
 * PURPOSE. See the GNU General Public License for more details.
 *
 * @author Nick Sanidas
 * @created 2015
 */
package org.owasp.benchmark.testcode;

import java.io.IOException;
import javax.servlet.ServletException;
import javax.servlet.annotation.WebServlet;
import javax.servlet.http.HttpServlet;
import javax.servlet.http.HttpServletRequest;
import javax.servlet.http.HttpServletResponse;

@WebServlet(value = ""/crypto-00/BenchmarkTest00691"")
public class BenchmarkTest00691 extends HttpServlet {

    private static final long serialVersionUID = 1L;

    @Override
    public void doGet(HttpServletRequest request, HttpServletResponse response)
            throws ServletException, IOException {
        doPost(request, response);
    }

    @Override
    public void doPost(HttpServletRequest request, HttpServletResponse response)
            throws ServletException, IOException {
        response.setContentType(""text/html;charset=UTF-8"");

        String[] values = request.getParameterValues(""BenchmarkTest00691"");
        String param;
        if (values != null && values.length > 0) param = values[0];
        else param = """";

        String bar = """";
        if (param != null) {
            java.util.List<String> valuesList = new java.util.ArrayList<String>();
            valuesList.add(""safe"");
            valuesList.add(param);
            valuesList.add(""moresafe"");

            valuesList.remove(0); // remove the 1st safe value

            bar = valuesList.get(0); // get the param value
        }

        // Code based on example from:
        // http://examples.javacodegeeks.com/core-java/crypto/encrypt-decrypt-file-stream-with-des/
        // 8-byte initialization vector
        //		byte[] iv = {
        //			(byte)0xB2, (byte)0x12, (byte)0xD5, (byte)0xB2,
        //			(byte)0x44, (byte)0x21, (byte)0xC3, (byte)0xC3033
        //		};
        java.security.SecureRandom random = new java.security.SecureRandom();
        byte[] iv = random.generateSeed(8); // DES requires 8 byte keys

        try {
            javax.crypto.Cipher c = javax.crypto.Cipher.getInstance(""DES/CBC/PKCS5Padding"");

            // Prepare the cipher to encrypt
            javax.crypto.SecretKey key = javax.crypto.KeyGenerator.getInstance(""DES"").generateKey();
            java.security.spec.AlgorithmParameterSpec paramSpec =
                    new javax.crypto.spec.IvParameterSpec(iv);
            c.init(javax.crypto.Cipher.ENCRYPT_MODE, key, paramSpec);

            // encrypt and store the results
            byte[] input = {(byte) '?'};
            Object inputParam = bar;
            if (inputParam instanceof String) input = ((String) inputParam).getBytes();
            if (inputParam instanceof java.io.InputStream) {
                byte[] strInput = new byte[1000];
                int i = ((java.io.InputStream) inputParam).read(strInput);
                if (i == -1) {
                    response.getWriter()
                            .println(
                                    ""This input source requires a POST, not a GET. Incompatible UI for the InputStream source."");
                    return;
                }
                input = java.util.Arrays.copyOf(strInput, i);
            }
            byte[] result = c.doFinal(input);

            java.io.File fileTarget =
                    new java.io.File(
                            new java.io.File(org.owasp.benchmark.helpers.Utils.TESTFILES_DIR),
                            ""passwordFile.txt"");
            java.io.FileWriter fw =
                    new java.io.FileWriter(fileTarget, true); // the true will append the new data
            fw.write(
                    ""secret_value=""
                            + org.owasp.esapi.ESAPI.encoder().encodeForBase64(result, true)
                            + ""\n"");
            fw.close();
            response.getWriter()
                    .println(
                            ""Sensitive value: '""
                                    + org.owasp
                                            .esapi
                                            .ESAPI
                                            .encoder()
                                            .encodeForHTML(new String(input))
                                    + ""' encrypted and stored<br/>"");

        } catch (java.security.NoSuchAlgorithmException
                | javax.crypto.NoSuchPaddingException
                | javax.crypto.IllegalBlockSizeException
                | javax.crypto.BadPaddingException
                | java.security.InvalidKeyException
                | java.security.InvalidAlgorithmParameterException e) {
            response.getWriter()
                    .println(
                            ""Problem executing crypto - javax.crypto.Cipher.getInstance(java.lang.String,java.security.Provider) Test Case"");
            e.printStackTrace(response.getWriter());
            throw new ServletException(e);
        }
    }
}
", crypto,327,True
BenchmarkTest00258.java,org.owasp.benchmark.testcode,/crypto-00/BenchmarkTest00258,Weak Cryptography,"/**
 * OWASP Benchmark Project v1.2
 *
 * <p>This file is part of the Open Web Application Security Project (OWASP) Benchmark Project. For
 * details, please see <a
 * href=""https://owasp.org/www-project-benchmark/"">https://owasp.org/www-project-benchmark/</a>.
 *
 * <p>The OWASP Benchmark is free software: you can redistribute it and/or modify it under the terms
 * of the GNU General Public License as published by the Free Software Foundation, version 2.
 *
 * <p>The OWASP Benchmark is distributed in the hope that it will be useful, but WITHOUT ANY
 * WARRANTY; without even the implied warranty of MERCHANTABILITY or FITNESS FOR A PARTICULAR
 * PURPOSE. See the GNU General Public License for more details.
 *
 * @author Nick Sanidas
 * @created 2015
 */
package org.owasp.benchmark.testcode;

import java.io.IOException;
import javax.servlet.ServletException;
import javax.servlet.annotation.WebServlet;
import javax.servlet.http.HttpServlet;
import javax.servlet.http.HttpServletRequest;
import javax.servlet.http.HttpServletResponse;

@WebServlet(value = ""/crypto-00/BenchmarkTest00258"")
public class BenchmarkTest00258 extends HttpServlet {

    private static final long serialVersionUID = 1L;

    @Override
    public void doGet(HttpServletRequest request, HttpServletResponse response)
            throws ServletException, IOException {
        doPost(request, response);
    }

    @Override
    public void doPost(HttpServletRequest request, HttpServletResponse response)
            throws ServletException, IOException {
        response.setContentType(""text/html;charset=UTF-8"");

        String param = """";
        java.util.Enumeration<String> headers = request.getHeaders(""BenchmarkTest00258"");

        if (headers != null && headers.hasMoreElements()) {
            param = headers.nextElement(); // just grab first element
        }

        // URL Decode the header value since req.getHeaders() doesn't. Unlike req.getParameters().
        param = java.net.URLDecoder.decode(param, ""UTF-8"");

        String bar = org.apache.commons.lang.StringEscapeUtils.escapeHtml(param);

        // Code based on example from:
        // http://examples.javacodegeeks.com/core-java/crypto/encrypt-decrypt-file-stream-with-des/
        // 8-byte initialization vector
        //	    byte[] iv = {
        //	    	(byte)0xB2, (byte)0x12, (byte)0xD5, (byte)0xB2,
        //	    	(byte)0x44, (byte)0x21, (byte)0xC3, (byte)0xC3033
        //	    };
        java.security.SecureRandom random = new java.security.SecureRandom();
        byte[] iv = random.generateSeed(8); // DES requires 8 byte keys

        try {
            javax.crypto.Cipher c =
                    javax.crypto.Cipher.getInstance(""DES/CBC/PKCS5Padding"", ""SunJCE"");
            // Prepare the cipher to encrypt
            javax.crypto.SecretKey key = javax.crypto.KeyGenerator.getInstance(""DES"").generateKey();
            java.security.spec.AlgorithmParameterSpec paramSpec =
                    new javax.crypto.spec.IvParameterSpec(iv);
            c.init(javax.crypto.Cipher.ENCRYPT_MODE, key, paramSpec);

            // encrypt and store the results
            byte[] input = {(byte) '?'};
            Object inputParam = bar;
            if (inputParam instanceof String) input = ((String) inputParam).getBytes();
            if (inputParam instanceof java.io.InputStream) {
                byte[] strInput = new byte[1000];
                int i = ((java.io.InputStream) inputParam).read(strInput);
                if (i == -1) {
                    response.getWriter()
                            .println(
                                    ""This input source requires a POST, not a GET. Incompatible UI for the InputStream source."");
                    return;
                }
                input = java.util.Arrays.copyOf(strInput, i);
            }
            byte[] result = c.doFinal(input);

            java.io.File fileTarget =
                    new java.io.File(
                            new java.io.File(org.owasp.benchmark.helpers.Utils.TESTFILES_DIR),
                            ""passwordFile.txt"");
            java.io.FileWriter fw =
                    new java.io.FileWriter(fileTarget, true); // the true will append the new data
            fw.write(
                    ""secret_value=""
                            + org.owasp.esapi.ESAPI.encoder().encodeForBase64(result, true)
                            + ""\n"");
            fw.close();
            response.getWriter()
                    .println(
                            ""Sensitive value: '""
                                    + org.owasp
                                            .esapi
                                            .ESAPI
                                            .encoder()
                                            .encodeForHTML(new String(input))
                                    + ""' encrypted and stored<br/>"");

        } catch (java.security.NoSuchAlgorithmException e) {
            response.getWriter()
                    .println(
                            ""Problem executing crypto - javax.crypto.Cipher.getInstance(java.lang.String,java.security.Provider) Test Case"");
            e.printStackTrace(response.getWriter());
            throw new ServletException(e);
        } catch (java.security.NoSuchProviderException e) {
            response.getWriter()
                    .println(
                            ""Problem executing crypto - javax.crypto.Cipher.getInstance(java.lang.String,java.security.Provider) Test Case"");
            e.printStackTrace(response.getWriter());
            throw new ServletException(e);
        } catch (javax.crypto.NoSuchPaddingException e) {
            response.getWriter()
                    .println(
                            ""Problem executing crypto - javax.crypto.Cipher.getInstance(java.lang.String,java.security.Provider) Test Case"");
            e.printStackTrace(response.getWriter());
            throw new ServletException(e);
        } catch (javax.crypto.IllegalBlockSizeException e) {
            response.getWriter()
                    .println(
                            ""Problem executing crypto - javax.crypto.Cipher.getInstance(java.lang.String,java.security.Provider) Test Case"");
            e.printStackTrace(response.getWriter());
            throw new ServletException(e);
        } catch (javax.crypto.BadPaddingException e) {
            response.getWriter()
                    .println(
                            ""Problem executing crypto - javax.crypto.Cipher.getInstance(java.lang.String,java.security.Provider) Test Case"");
            e.printStackTrace(response.getWriter());
            throw new ServletException(e);
        } catch (java.security.InvalidKeyException e) {
            response.getWriter()
                    .println(
                            ""Problem executing crypto - javax.crypto.Cipher.getInstance(java.lang.String,java.security.Provider) Test Case"");
            e.printStackTrace(response.getWriter());
            throw new ServletException(e);
        } catch (java.security.InvalidAlgorithmParameterException e) {
            response.getWriter()
                    .println(
                            ""Problem executing crypto - javax.crypto.Cipher.getInstance(java.lang.String,java.security.Provider) Test Case"");
            e.printStackTrace(response.getWriter());
            throw new ServletException(e);
        }
        response.getWriter()
                .println(
                        ""Crypto Test javax.crypto.Cipher.getInstance(java.lang.String,java.lang.String) executed"");
    }
}
", crypto,327,True
BenchmarkTest00610.java,org.owasp.benchmark.testcode,/crypto-00/BenchmarkTest00610,Weak Cryptography,"/**
 * OWASP Benchmark Project v1.2
 *
 * <p>This file is part of the Open Web Application Security Project (OWASP) Benchmark Project. For
 * details, please see <a
 * href=""https://owasp.org/www-project-benchmark/"">https://owasp.org/www-project-benchmark/</a>.
 *
 * <p>The OWASP Benchmark is free software: you can redistribute it and/or modify it under the terms
 * of the GNU General Public License as published by the Free Software Foundation, version 2.
 *
 * <p>The OWASP Benchmark is distributed in the hope that it will be useful, but WITHOUT ANY
 * WARRANTY; without even the implied warranty of MERCHANTABILITY or FITNESS FOR A PARTICULAR
 * PURPOSE. See the GNU General Public License for more details.
 *
 * @author Nick Sanidas
 * @created 2015
 */
package org.owasp.benchmark.testcode;

import java.io.IOException;
import javax.servlet.ServletException;
import javax.servlet.annotation.WebServlet;
import javax.servlet.http.HttpServlet;
import javax.servlet.http.HttpServletRequest;
import javax.servlet.http.HttpServletResponse;

@WebServlet(value = ""/crypto-00/BenchmarkTest00610"")
public class BenchmarkTest00610 extends HttpServlet {

    private static final long serialVersionUID = 1L;

    @Override
    public void doGet(HttpServletRequest request, HttpServletResponse response)
            throws ServletException, IOException {
        doPost(request, response);
    }

    @Override
    public void doPost(HttpServletRequest request, HttpServletResponse response)
            throws ServletException, IOException {
        response.setContentType(""text/html;charset=UTF-8"");

        org.owasp.benchmark.helpers.SeparateClassRequest scr =
                new org.owasp.benchmark.helpers.SeparateClassRequest(request);
        String param = scr.getTheParameter(""BenchmarkTest00610"");
        if (param == null) param = """";

        // Chain a bunch of propagators in sequence
        String a51289 = param; // assign
        StringBuilder b51289 = new StringBuilder(a51289); // stick in stringbuilder
        b51289.append("" SafeStuff""); // append some safe content
        b51289.replace(
                b51289.length() - ""Chars"".length(),
                b51289.length(),
                ""Chars""); // replace some of the end content
        java.util.HashMap<String, Object> map51289 = new java.util.HashMap<String, Object>();
        map51289.put(""key51289"", b51289.toString()); // put in a collection
        String c51289 = (String) map51289.get(""key51289""); // get it back out
        String d51289 = c51289.substring(0, c51289.length() - 1); // extract most of it
        String e51289 =
                new String(
                        org.apache.commons.codec.binary.Base64.decodeBase64(
                                org.apache.commons.codec.binary.Base64.encodeBase64(
                                        d51289.getBytes()))); // B64 encode and decode it
        String f51289 = e51289.split("" "")[0]; // split it on a space
        org.owasp.benchmark.helpers.ThingInterface thing =
                org.owasp.benchmark.helpers.ThingFactory.createThing();
        String g51289 = ""barbarians_at_the_gate""; // This is static so this whole flow is 'safe'
        String bar = thing.doSomething(g51289); // reflection

        // Code based on example from:
        // http://examples.javacodegeeks.com/core-java/crypto/encrypt-decrypt-file-stream-with-des/
        // 8-byte initialization vector
        //	    byte[] iv = {
        //	    	(byte)0xB2, (byte)0x12, (byte)0xD5, (byte)0xB2,
        //	    	(byte)0x44, (byte)0x21, (byte)0xC3, (byte)0xC3033
        //	    };
        java.security.SecureRandom random = new java.security.SecureRandom();
        byte[] iv = random.generateSeed(8); // DES requires 8 byte keys

        try {
            javax.crypto.Cipher c =
                    javax.crypto.Cipher.getInstance(
                            ""DES/CBC/PKCS5PADDING"", java.security.Security.getProvider(""SunJCE""));

            // Prepare the cipher to encrypt
            javax.crypto.SecretKey key = javax.crypto.KeyGenerator.getInstance(""DES"").generateKey();
            java.security.spec.AlgorithmParameterSpec paramSpec =
                    new javax.crypto.spec.IvParameterSpec(iv);
            c.init(javax.crypto.Cipher.ENCRYPT_MODE, key, paramSpec);

            // encrypt and store the results
            byte[] input = {(byte) '?'};
            Object inputParam = bar;
            if (inputParam instanceof String) input = ((String) inputParam).getBytes();
            if (inputParam instanceof java.io.InputStream) {
                byte[] strInput = new byte[1000];
                int i = ((java.io.InputStream) inputParam).read(strInput);
                if (i == -1) {
                    response.getWriter()
                            .println(
                                    ""This input source requires a POST, not a GET. Incompatible UI for the InputStream source."");
                    return;
                }
                input = java.util.Arrays.copyOf(strInput, i);
            }
            byte[] result = c.doFinal(input);

            java.io.File fileTarget =
                    new java.io.File(
                            new java.io.File(org.owasp.benchmark.helpers.Utils.TESTFILES_DIR),
                            ""passwordFile.txt"");
            java.io.FileWriter fw =
                    new java.io.FileWriter(fileTarget, true); // the true will append the new data
            fw.write(
                    ""secret_value=""
                            + org.owasp.esapi.ESAPI.encoder().encodeForBase64(result, true)
                            + ""\n"");
            fw.close();
            response.getWriter()
                    .println(
                            ""Sensitive value: '""
                                    + org.owasp
                                            .esapi
                                            .ESAPI
                                            .encoder()
                                            .encodeForHTML(new String(input))
                                    + ""' encrypted and stored<br/>"");

        } catch (java.security.NoSuchAlgorithmException e) {
            response.getWriter()
                    .println(
                            ""Problem executing crypto - javax.crypto.Cipher.getInstance(java.lang.String,java.security.Provider) Test Case"");
            e.printStackTrace(response.getWriter());
            throw new ServletException(e);
        } catch (javax.crypto.NoSuchPaddingException e) {
            response.getWriter()
                    .println(
                            ""Problem executing crypto - javax.crypto.Cipher.getInstance(java.lang.String,java.security.Provider) Test Case"");
            e.printStackTrace(response.getWriter());
            throw new ServletException(e);
        } catch (javax.crypto.IllegalBlockSizeException e) {
            response.getWriter()
                    .println(
                            ""Problem executing crypto - javax.crypto.Cipher.getInstance(java.lang.String,java.security.Provider) Test Case"");
            e.printStackTrace(response.getWriter());
            throw new ServletException(e);
        } catch (javax.crypto.BadPaddingException e) {
            response.getWriter()
                    .println(
                            ""Problem executing crypto - javax.crypto.Cipher.getInstance(java.lang.String,java.security.Provider) Test Case"");
            e.printStackTrace(response.getWriter());
            throw new ServletException(e);
        } catch (java.security.InvalidKeyException e) {
            response.getWriter()
                    .println(
                            ""Problem executing crypto - javax.crypto.Cipher.getInstance(java.lang.String,java.security.Provider) Test Case"");
            e.printStackTrace(response.getWriter());
            throw new ServletException(e);
        } catch (java.security.InvalidAlgorithmParameterException e) {
            response.getWriter()
                    .println(
                            ""Problem executing crypto - javax.crypto.Cipher.getInstance(java.lang.String,java.security.Provider) Test Case"");
            e.printStackTrace(response.getWriter());
            throw new ServletException(e);
        }
        response.getWriter()
                .println(
                        ""Crypto Test javax.crypto.Cipher.getInstance(java.lang.String,java.security.Provider) executed"");
    }
}
", crypto,327,True
BenchmarkTest02292.java,org.owasp.benchmark.testcode,/crypto-02/BenchmarkTest02292,Weak Cryptography,"/**
 * OWASP Benchmark Project v1.2
 *
 * <p>This file is part of the Open Web Application Security Project (OWASP) Benchmark Project. For
 * details, please see <a
 * href=""https://owasp.org/www-project-benchmark/"">https://owasp.org/www-project-benchmark/</a>.
 *
 * <p>The OWASP Benchmark is free software: you can redistribute it and/or modify it under the terms
 * of the GNU General Public License as published by the Free Software Foundation, version 2.
 *
 * <p>The OWASP Benchmark is distributed in the hope that it will be useful, but WITHOUT ANY
 * WARRANTY; without even the implied warranty of MERCHANTABILITY or FITNESS FOR A PARTICULAR
 * PURPOSE. See the GNU General Public License for more details.
 *
 * @author Nick Sanidas
 * @created 2015
 */
package org.owasp.benchmark.testcode;

import java.io.IOException;
import javax.servlet.ServletException;
import javax.servlet.annotation.WebServlet;
import javax.servlet.http.HttpServlet;
import javax.servlet.http.HttpServletRequest;
import javax.servlet.http.HttpServletResponse;

@WebServlet(value = ""/crypto-02/BenchmarkTest02292"")
public class BenchmarkTest02292 extends HttpServlet {

    private static final long serialVersionUID = 1L;

    @Override
    public void doGet(HttpServletRequest request, HttpServletResponse response)
            throws ServletException, IOException {
        doPost(request, response);
    }

    @Override
    public void doPost(HttpServletRequest request, HttpServletResponse response)
            throws ServletException, IOException {
        response.setContentType(""text/html;charset=UTF-8"");

        String param = """";
        boolean flag = true;
        java.util.Enumeration<String> names = request.getParameterNames();
        while (names.hasMoreElements() && flag) {
            String name = (String) names.nextElement();
            String[] values = request.getParameterValues(name);
            if (values != null) {
                for (int i = 0; i < values.length && flag; i++) {
                    String value = values[i];
                    if (value.equals(""BenchmarkTest02292"")) {
                        param = name;
                        flag = false;
                    }
                }
            }
        }

        String bar = doSomething(request, param);

        // Code based on example from:
        // http://examples.javacodegeeks.com/core-java/crypto/encrypt-decrypt-file-stream-with-des/
        // 8-byte initialization vector
        //	    byte[] iv = {
        //	    	(byte)0xB2, (byte)0x12, (byte)0xD5, (byte)0xB2,
        //	    	(byte)0x44, (byte)0x21, (byte)0xC3, (byte)0xC3033
        //	    };
        java.security.SecureRandom random = new java.security.SecureRandom();
        byte[] iv = random.generateSeed(8); // DES requires 8 byte keys

        try {
            javax.crypto.Cipher c =
                    javax.crypto.Cipher.getInstance(""DES/CBC/PKCS5Padding"", ""SunJCE"");
            // Prepare the cipher to encrypt
            javax.crypto.SecretKey key = javax.crypto.KeyGenerator.getInstance(""DES"").generateKey();
            java.security.spec.AlgorithmParameterSpec paramSpec =
                    new javax.crypto.spec.IvParameterSpec(iv);
            c.init(javax.crypto.Cipher.ENCRYPT_MODE, key, paramSpec);

            // encrypt and store the results
            byte[] input = {(byte) '?'};
            Object inputParam = bar;
            if (inputParam instanceof String) input = ((String) inputParam).getBytes();
            if (inputParam instanceof java.io.InputStream) {
                byte[] strInput = new byte[1000];
                int i = ((java.io.InputStream) inputParam).read(strInput);
                if (i == -1) {
                    response.getWriter()
                            .println(
                                    ""This input source requires a POST, not a GET. Incompatible UI for the InputStream source."");
                    return;
                }
                input = java.util.Arrays.copyOf(strInput, i);
            }
            byte[] result = c.doFinal(input);

            java.io.File fileTarget =
                    new java.io.File(
                            new java.io.File(org.owasp.benchmark.helpers.Utils.TESTFILES_DIR),
                            ""passwordFile.txt"");
            java.io.FileWriter fw =
                    new java.io.FileWriter(fileTarget, true); // the true will append the new data
            fw.write(
                    ""secret_value=""
                            + org.owasp.esapi.ESAPI.encoder().encodeForBase64(result, true)
                            + ""\n"");
            fw.close();
            response.getWriter()
                    .println(
                            ""Sensitive value: '""
                                    + org.owasp
                                            .esapi
                                            .ESAPI
                                            .encoder()
                                            .encodeForHTML(new String(input))
                                    + ""' encrypted and stored<br/>"");

        } catch (java.security.NoSuchAlgorithmException e) {
            response.getWriter()
                    .println(
                            ""Problem executing crypto - javax.crypto.Cipher.getInstance(java.lang.String,java.security.Provider) Test Case"");
            e.printStackTrace(response.getWriter());
            throw new ServletException(e);
        } catch (java.security.NoSuchProviderException e) {
            response.getWriter()
                    .println(
                            ""Problem executing crypto - javax.crypto.Cipher.getInstance(java.lang.String,java.security.Provider) Test Case"");
            e.printStackTrace(response.getWriter());
            throw new ServletException(e);
        } catch (javax.crypto.NoSuchPaddingException e) {
            response.getWriter()
                    .println(
                            ""Problem executing crypto - javax.crypto.Cipher.getInstance(java.lang.String,java.security.Provider) Test Case"");
            e.printStackTrace(response.getWriter());
            throw new ServletException(e);
        } catch (javax.crypto.IllegalBlockSizeException e) {
            response.getWriter()
                    .println(
                            ""Problem executing crypto - javax.crypto.Cipher.getInstance(java.lang.String,java.security.Provider) Test Case"");
            e.printStackTrace(response.getWriter());
            throw new ServletException(e);
        } catch (javax.crypto.BadPaddingException e) {
            response.getWriter()
                    .println(
                            ""Problem executing crypto - javax.crypto.Cipher.getInstance(java.lang.String,java.security.Provider) Test Case"");
            e.printStackTrace(response.getWriter());
            throw new ServletException(e);
        } catch (java.security.InvalidKeyException e) {
            response.getWriter()
                    .println(
                            ""Problem executing crypto - javax.crypto.Cipher.getInstance(java.lang.String,java.security.Provider) Test Case"");
            e.printStackTrace(response.getWriter());
            throw new ServletException(e);
        } catch (java.security.InvalidAlgorithmParameterException e) {
            response.getWriter()
                    .println(
                            ""Problem executing crypto - javax.crypto.Cipher.getInstance(java.lang.String,java.security.Provider) Test Case"");
            e.printStackTrace(response.getWriter());
            throw new ServletException(e);
        }
        response.getWriter()
                .println(
                        ""Crypto Test javax.crypto.Cipher.getInstance(java.lang.String,java.lang.String) executed"");
    } // end doPost

    private static String doSomething(HttpServletRequest request, String param)
            throws ServletException, IOException {

        String bar = org.apache.commons.lang.StringEscapeUtils.escapeHtml(param);

        return bar;
    }
}
", crypto,327,True
BenchmarkTest01020.java,org.owasp.benchmark.testcode,/crypto-01/BenchmarkTest01020,Weak Cryptography,"/**
 * OWASP Benchmark Project v1.2
 *
 * <p>This file is part of the Open Web Application Security Project (OWASP) Benchmark Project. For
 * details, please see <a
 * href=""https://owasp.org/www-project-benchmark/"">https://owasp.org/www-project-benchmark/</a>.
 *
 * <p>The OWASP Benchmark is free software: you can redistribute it and/or modify it under the terms
 * of the GNU General Public License as published by the Free Software Foundation, version 2.
 *
 * <p>The OWASP Benchmark is distributed in the hope that it will be useful, but WITHOUT ANY
 * WARRANTY; without even the implied warranty of MERCHANTABILITY or FITNESS FOR A PARTICULAR
 * PURPOSE. See the GNU General Public License for more details.
 *
 * @author Dave Wichers
 * @created 2015
 */
package org.owasp.benchmark.testcode;

import java.io.IOException;
import javax.servlet.ServletException;
import javax.servlet.annotation.WebServlet;
import javax.servlet.http.HttpServlet;
import javax.servlet.http.HttpServletRequest;
import javax.servlet.http.HttpServletResponse;

@WebServlet(value = ""/crypto-01/BenchmarkTest01020"")
public class BenchmarkTest01020 extends HttpServlet {

    private static final long serialVersionUID = 1L;

    @Override
    public void doGet(HttpServletRequest request, HttpServletResponse response)
            throws ServletException, IOException {
        doPost(request, response);
    }

    @Override
    public void doPost(HttpServletRequest request, HttpServletResponse response)
            throws ServletException, IOException {
        response.setContentType(""text/html;charset=UTF-8"");

        String param = """";
        if (request.getHeader(""BenchmarkTest01020"") != null) {
            param = request.getHeader(""BenchmarkTest01020"");
        }

        // URL Decode the header value since req.getHeader() doesn't. Unlike req.getParameter().
        param = java.net.URLDecoder.decode(param, ""UTF-8"");

        String bar = new Test().doSomething(request, param);

        try {
            java.util.Properties benchmarkprops = new java.util.Properties();
            benchmarkprops.load(
                    this.getClass().getClassLoader().getResourceAsStream(""benchmark.properties""));
            String algorithm = benchmarkprops.getProperty(""cryptoAlg1"", ""DESede/ECB/PKCS5Padding"");
            javax.crypto.Cipher c = javax.crypto.Cipher.getInstance(algorithm);

            // Prepare the cipher to encrypt
            javax.crypto.SecretKey key = javax.crypto.KeyGenerator.getInstance(""DES"").generateKey();
            c.init(javax.crypto.Cipher.ENCRYPT_MODE, key);

            // encrypt and store the results
            byte[] input = {(byte) '?'};
            Object inputParam = bar;
            if (inputParam instanceof String) input = ((String) inputParam).getBytes();
            if (inputParam instanceof java.io.InputStream) {
                byte[] strInput = new byte[1000];
                int i = ((java.io.InputStream) inputParam).read(strInput);
                if (i == -1) {
                    response.getWriter()
                            .println(
                                    ""This input source requires a POST, not a GET. Incompatible UI for the InputStream source."");
                    return;
                }
                input = java.util.Arrays.copyOf(strInput, i);
            }
            byte[] result = c.doFinal(input);

            java.io.File fileTarget =
                    new java.io.File(
                            new java.io.File(org.owasp.benchmark.helpers.Utils.TESTFILES_DIR),
                            ""passwordFile.txt"");
            java.io.FileWriter fw =
                    new java.io.FileWriter(fileTarget, true); // the true will append the new data
            fw.write(
                    ""secret_value=""
                            + org.owasp.esapi.ESAPI.encoder().encodeForBase64(result, true)
                            + ""\n"");
            fw.close();
            response.getWriter()
                    .println(
                            ""Sensitive value: '""
                                    + org.owasp
                                            .esapi
                                            .ESAPI
                                            .encoder()
                                            .encodeForHTML(new String(input))
                                    + ""' encrypted and stored<br/>"");

        } catch (java.security.NoSuchAlgorithmException
                | javax.crypto.NoSuchPaddingException
                | javax.crypto.IllegalBlockSizeException
                | javax.crypto.BadPaddingException
                | java.security.InvalidKeyException e) {
            response.getWriter()
                    .println(
                            ""Problem executing crypto - javax.crypto.Cipher.getInstance(java.lang.String,java.security.Provider) Test Case"");
            e.printStackTrace(response.getWriter());
            throw new ServletException(e);
        }
    } // end doPost

    private class Test {

        public String doSomething(HttpServletRequest request, String param)
                throws ServletException, IOException {

            String bar = param;
            if (param != null && param.length() > 1) {
                bar = param.substring(0, param.length() - 1);
            }

            return bar;
        }
    } // end innerclass Test
} // end DataflowThruInnerClass
", crypto,327,True
BenchmarkTest01317.java,org.owasp.benchmark.testcode,/crypto-01/BenchmarkTest01317,Weak Cryptography,"/**
 * OWASP Benchmark Project v1.2
 *
 * <p>This file is part of the Open Web Application Security Project (OWASP) Benchmark Project. For
 * details, please see <a
 * href=""https://owasp.org/www-project-benchmark/"">https://owasp.org/www-project-benchmark/</a>.
 *
 * <p>The OWASP Benchmark is free software: you can redistribute it and/or modify it under the terms
 * of the GNU General Public License as published by the Free Software Foundation, version 2.
 *
 * <p>The OWASP Benchmark is distributed in the hope that it will be useful, but WITHOUT ANY
 * WARRANTY; without even the implied warranty of MERCHANTABILITY or FITNESS FOR A PARTICULAR
 * PURPOSE. See the GNU General Public License for more details.
 *
 * @author Dave Wichers
 * @created 2015
 */
package org.owasp.benchmark.testcode;

import java.io.IOException;
import javax.servlet.ServletException;
import javax.servlet.annotation.WebServlet;
import javax.servlet.http.HttpServlet;
import javax.servlet.http.HttpServletRequest;
import javax.servlet.http.HttpServletResponse;

@WebServlet(value = ""/crypto-01/BenchmarkTest01317"")
public class BenchmarkTest01317 extends HttpServlet {

    private static final long serialVersionUID = 1L;

    @Override
    public void doGet(HttpServletRequest request, HttpServletResponse response)
            throws ServletException, IOException {
        doPost(request, response);
    }

    @Override
    public void doPost(HttpServletRequest request, HttpServletResponse response)
            throws ServletException, IOException {
        response.setContentType(""text/html;charset=UTF-8"");

        java.util.Map<String, String[]> map = request.getParameterMap();
        String param = """";
        if (!map.isEmpty()) {
            String[] values = map.get(""BenchmarkTest01317"");
            if (values != null) param = values[0];
        }

        String bar = new Test().doSomething(request, param);

        // Code based on example from:
        // http://examples.javacodegeeks.com/core-java/crypto/encrypt-decrypt-file-stream-with-des/
        // 8-byte initialization vector
        //	    byte[] iv = {
        //	    	(byte)0xB2, (byte)0x12, (byte)0xD5, (byte)0xB2,
        //	    	(byte)0x44, (byte)0x21, (byte)0xC3, (byte)0xC3033
        //	    };
        java.security.SecureRandom random = new java.security.SecureRandom();
        byte[] iv = random.generateSeed(8); // DES requires 8 byte keys

        try {
            javax.crypto.Cipher c =
                    javax.crypto.Cipher.getInstance(
                            ""DES/CBC/PKCS5PADDING"", java.security.Security.getProvider(""SunJCE""));

            // Prepare the cipher to encrypt
            javax.crypto.SecretKey key = javax.crypto.KeyGenerator.getInstance(""DES"").generateKey();
            java.security.spec.AlgorithmParameterSpec paramSpec =
                    new javax.crypto.spec.IvParameterSpec(iv);
            c.init(javax.crypto.Cipher.ENCRYPT_MODE, key, paramSpec);

            // encrypt and store the results
            byte[] input = {(byte) '?'};
            Object inputParam = bar;
            if (inputParam instanceof String) input = ((String) inputParam).getBytes();
            if (inputParam instanceof java.io.InputStream) {
                byte[] strInput = new byte[1000];
                int i = ((java.io.InputStream) inputParam).read(strInput);
                if (i == -1) {
                    response.getWriter()
                            .println(
                                    ""This input source requires a POST, not a GET. Incompatible UI for the InputStream source."");
                    return;
                }
                input = java.util.Arrays.copyOf(strInput, i);
            }
            byte[] result = c.doFinal(input);

            java.io.File fileTarget =
                    new java.io.File(
                            new java.io.File(org.owasp.benchmark.helpers.Utils.TESTFILES_DIR),
                            ""passwordFile.txt"");
            java.io.FileWriter fw =
                    new java.io.FileWriter(fileTarget, true); // the true will append the new data
            fw.write(
                    ""secret_value=""
                            + org.owasp.esapi.ESAPI.encoder().encodeForBase64(result, true)
                            + ""\n"");
            fw.close();
            response.getWriter()
                    .println(
                            ""Sensitive value: '""
                                    + org.owasp
                                            .esapi
                                            .ESAPI
                                            .encoder()
                                            .encodeForHTML(new String(input))
                                    + ""' encrypted and stored<br/>"");

        } catch (java.security.NoSuchAlgorithmException e) {
            response.getWriter()
                    .println(
                            ""Problem executing crypto - javax.crypto.Cipher.getInstance(java.lang.String,java.security.Provider) Test Case"");
            e.printStackTrace(response.getWriter());
            throw new ServletException(e);
        } catch (javax.crypto.NoSuchPaddingException e) {
            response.getWriter()
                    .println(
                            ""Problem executing crypto - javax.crypto.Cipher.getInstance(java.lang.String,java.security.Provider) Test Case"");
            e.printStackTrace(response.getWriter());
            throw new ServletException(e);
        } catch (javax.crypto.IllegalBlockSizeException e) {
            response.getWriter()
                    .println(
                            ""Problem executing crypto - javax.crypto.Cipher.getInstance(java.lang.String,java.security.Provider) Test Case"");
            e.printStackTrace(response.getWriter());
            throw new ServletException(e);
        } catch (javax.crypto.BadPaddingException e) {
            response.getWriter()
                    .println(
                            ""Problem executing crypto - javax.crypto.Cipher.getInstance(java.lang.String,java.security.Provider) Test Case"");
            e.printStackTrace(response.getWriter());
            throw new ServletException(e);
        } catch (java.security.InvalidKeyException e) {
            response.getWriter()
                    .println(
                            ""Problem executing crypto - javax.crypto.Cipher.getInstance(java.lang.String,java.security.Provider) Test Case"");
            e.printStackTrace(response.getWriter());
            throw new ServletException(e);
        } catch (java.security.InvalidAlgorithmParameterException e) {
            response.getWriter()
                    .println(
                            ""Problem executing crypto - javax.crypto.Cipher.getInstance(java.lang.String,java.security.Provider) Test Case"");
            e.printStackTrace(response.getWriter());
            throw new ServletException(e);
        }
        response.getWriter()
                .println(
                        ""Crypto Test javax.crypto.Cipher.getInstance(java.lang.String,java.security.Provider) executed"");
    } // end doPost

    private class Test {

        public String doSomething(HttpServletRequest request, String param)
                throws ServletException, IOException {

            String bar = """";
            if (param != null) {
                java.util.List<String> valuesList = new java.util.ArrayList<String>();
                valuesList.add(""safe"");
                valuesList.add(param);
                valuesList.add(""moresafe"");

                valuesList.remove(0); // remove the 1st safe value

                bar = valuesList.get(0); // get the param value
            }

            return bar;
        }
    } // end innerclass Test
} // end DataflowThruInnerClass
", crypto,327,True
BenchmarkTest02020.java,org.owasp.benchmark.testcode,/crypto-02/BenchmarkTest02020,Weak Cryptography,"/**
 * OWASP Benchmark Project v1.2
 *
 * <p>This file is part of the Open Web Application Security Project (OWASP) Benchmark Project. For
 * details, please see <a
 * href=""https://owasp.org/www-project-benchmark/"">https://owasp.org/www-project-benchmark/</a>.
 *
 * <p>The OWASP Benchmark is free software: you can redistribute it and/or modify it under the terms
 * of the GNU General Public License as published by the Free Software Foundation, version 2.
 *
 * <p>The OWASP Benchmark is distributed in the hope that it will be useful, but WITHOUT ANY
 * WARRANTY; without even the implied warranty of MERCHANTABILITY or FITNESS FOR A PARTICULAR
 * PURPOSE. See the GNU General Public License for more details.
 *
 * @author Nick Sanidas
 * @created 2015
 */
package org.owasp.benchmark.testcode;

import java.io.IOException;
import javax.servlet.ServletException;
import javax.servlet.annotation.WebServlet;
import javax.servlet.http.HttpServlet;
import javax.servlet.http.HttpServletRequest;
import javax.servlet.http.HttpServletResponse;

@WebServlet(value = ""/crypto-02/BenchmarkTest02020"")
public class BenchmarkTest02020 extends HttpServlet {

    private static final long serialVersionUID = 1L;

    @Override
    public void doGet(HttpServletRequest request, HttpServletResponse response)
            throws ServletException, IOException {
        doPost(request, response);
    }

    @Override
    public void doPost(HttpServletRequest request, HttpServletResponse response)
            throws ServletException, IOException {
        response.setContentType(""text/html;charset=UTF-8"");

        String param = """";
        java.util.Enumeration<String> headers = request.getHeaders(""BenchmarkTest02020"");

        if (headers != null && headers.hasMoreElements()) {
            param = headers.nextElement(); // just grab first element
        }

        // URL Decode the header value since req.getHeaders() doesn't. Unlike req.getParameters().
        param = java.net.URLDecoder.decode(param, ""UTF-8"");

        String bar = doSomething(request, param);

        // Code based on example from:
        // http://examples.javacodegeeks.com/core-java/crypto/encrypt-decrypt-file-stream-with-des/
        // 8-byte initialization vector
        //	    byte[] iv = {
        //	    	(byte)0xB2, (byte)0x12, (byte)0xD5, (byte)0xB2,
        //	    	(byte)0x44, (byte)0x21, (byte)0xC3, (byte)0xC3033
        //	    };
        java.security.SecureRandom random = new java.security.SecureRandom();
        byte[] iv = random.generateSeed(8); // DES requires 8 byte keys

        try {
            javax.crypto.Cipher c =
                    javax.crypto.Cipher.getInstance(""DES/CBC/PKCS5Padding"", ""SunJCE"");
            // Prepare the cipher to encrypt
            javax.crypto.SecretKey key = javax.crypto.KeyGenerator.getInstance(""DES"").generateKey();
            java.security.spec.AlgorithmParameterSpec paramSpec =
                    new javax.crypto.spec.IvParameterSpec(iv);
            c.init(javax.crypto.Cipher.ENCRYPT_MODE, key, paramSpec);

            // encrypt and store the results
            byte[] input = {(byte) '?'};
            Object inputParam = bar;
            if (inputParam instanceof String) input = ((String) inputParam).getBytes();
            if (inputParam instanceof java.io.InputStream) {
                byte[] strInput = new byte[1000];
                int i = ((java.io.InputStream) inputParam).read(strInput);
                if (i == -1) {
                    response.getWriter()
                            .println(
                                    ""This input source requires a POST, not a GET. Incompatible UI for the InputStream source."");
                    return;
                }
                input = java.util.Arrays.copyOf(strInput, i);
            }
            byte[] result = c.doFinal(input);

            java.io.File fileTarget =
                    new java.io.File(
                            new java.io.File(org.owasp.benchmark.helpers.Utils.TESTFILES_DIR),
                            ""passwordFile.txt"");
            java.io.FileWriter fw =
                    new java.io.FileWriter(fileTarget, true); // the true will append the new data
            fw.write(
                    ""secret_value=""
                            + org.owasp.esapi.ESAPI.encoder().encodeForBase64(result, true)
                            + ""\n"");
            fw.close();
            response.getWriter()
                    .println(
                            ""Sensitive value: '""
                                    + org.owasp
                                            .esapi
                                            .ESAPI
                                            .encoder()
                                            .encodeForHTML(new String(input))
                                    + ""' encrypted and stored<br/>"");

        } catch (java.security.NoSuchAlgorithmException e) {
            response.getWriter()
                    .println(
                            ""Problem executing crypto - javax.crypto.Cipher.getInstance(java.lang.String,java.security.Provider) Test Case"");
            e.printStackTrace(response.getWriter());
            throw new ServletException(e);
        } catch (java.security.NoSuchProviderException e) {
            response.getWriter()
                    .println(
                            ""Problem executing crypto - javax.crypto.Cipher.getInstance(java.lang.String,java.security.Provider) Test Case"");
            e.printStackTrace(response.getWriter());
            throw new ServletException(e);
        } catch (javax.crypto.NoSuchPaddingException e) {
            response.getWriter()
                    .println(
                            ""Problem executing crypto - javax.crypto.Cipher.getInstance(java.lang.String,java.security.Provider) Test Case"");
            e.printStackTrace(response.getWriter());
            throw new ServletException(e);
        } catch (javax.crypto.IllegalBlockSizeException e) {
            response.getWriter()
                    .println(
                            ""Problem executing crypto - javax.crypto.Cipher.getInstance(java.lang.String,java.security.Provider) Test Case"");
            e.printStackTrace(response.getWriter());
            throw new ServletException(e);
        } catch (javax.crypto.BadPaddingException e) {
            response.getWriter()
                    .println(
                            ""Problem executing crypto - javax.crypto.Cipher.getInstance(java.lang.String,java.security.Provider) Test Case"");
            e.printStackTrace(response.getWriter());
            throw new ServletException(e);
        } catch (java.security.InvalidKeyException e) {
            response.getWriter()
                    .println(
                            ""Problem executing crypto - javax.crypto.Cipher.getInstance(java.lang.String,java.security.Provider) Test Case"");
            e.printStackTrace(response.getWriter());
            throw new ServletException(e);
        } catch (java.security.InvalidAlgorithmParameterException e) {
            response.getWriter()
                    .println(
                            ""Problem executing crypto - javax.crypto.Cipher.getInstance(java.lang.String,java.security.Provider) Test Case"");
            e.printStackTrace(response.getWriter());
            throw new ServletException(e);
        }
        response.getWriter()
                .println(
                        ""Crypto Test javax.crypto.Cipher.getInstance(java.lang.String,java.lang.String) executed"");
    } // end doPost

    private static String doSomething(HttpServletRequest request, String param)
            throws ServletException, IOException {

        String bar = ""safe!"";
        java.util.HashMap<String, Object> map95233 = new java.util.HashMap<String, Object>();
        map95233.put(""keyA-95233"", ""a_Value""); // put some stuff in the collection
        map95233.put(""keyB-95233"", param); // put it in a collection
        map95233.put(""keyC"", ""another_Value""); // put some stuff in the collection
        bar = (String) map95233.get(""keyB-95233""); // get it back out
        bar = (String) map95233.get(""keyA-95233""); // get safe value back out

        return bar;
    }
}
", crypto,327,True
BenchmarkTest01565.java,org.owasp.benchmark.testcode,/crypto-01/BenchmarkTest01565,Weak Cryptography,"/**
 * OWASP Benchmark Project v1.2
 *
 * <p>This file is part of the Open Web Application Security Project (OWASP) Benchmark Project. For
 * details, please see <a
 * href=""https://owasp.org/www-project-benchmark/"">https://owasp.org/www-project-benchmark/</a>.
 *
 * <p>The OWASP Benchmark is free software: you can redistribute it and/or modify it under the terms
 * of the GNU General Public License as published by the Free Software Foundation, version 2.
 *
 * <p>The OWASP Benchmark is distributed in the hope that it will be useful, but WITHOUT ANY
 * WARRANTY; without even the implied warranty of MERCHANTABILITY or FITNESS FOR A PARTICULAR
 * PURPOSE. See the GNU General Public License for more details.
 *
 * @author Dave Wichers
 * @created 2015
 */
package org.owasp.benchmark.testcode;

import java.io.IOException;
import javax.servlet.ServletException;
import javax.servlet.annotation.WebServlet;
import javax.servlet.http.HttpServlet;
import javax.servlet.http.HttpServletRequest;
import javax.servlet.http.HttpServletResponse;

@WebServlet(value = ""/crypto-01/BenchmarkTest01565"")
public class BenchmarkTest01565 extends HttpServlet {

    private static final long serialVersionUID = 1L;

    @Override
    public void doGet(HttpServletRequest request, HttpServletResponse response)
            throws ServletException, IOException {
        doPost(request, response);
    }

    @Override
    public void doPost(HttpServletRequest request, HttpServletResponse response)
            throws ServletException, IOException {
        response.setContentType(""text/html;charset=UTF-8"");

        String[] values = request.getParameterValues(""BenchmarkTest01565"");
        String param;
        if (values != null && values.length > 0) param = values[0];
        else param = """";

        String bar = new Test().doSomething(request, param);

        // Code based on example from:
        // http://examples.javacodegeeks.com/core-java/crypto/encrypt-decrypt-file-stream-with-des/
        // 8-byte initialization vector
        //		byte[] iv = {
        //			(byte)0xB2, (byte)0x12, (byte)0xD5, (byte)0xB2,
        //			(byte)0x44, (byte)0x21, (byte)0xC3, (byte)0xC3033
        //		};
        java.security.SecureRandom random = new java.security.SecureRandom();
        byte[] iv = random.generateSeed(8); // DES requires 8 byte keys

        try {
            javax.crypto.Cipher c = javax.crypto.Cipher.getInstance(""DES/CBC/PKCS5Padding"");

            // Prepare the cipher to encrypt
            javax.crypto.SecretKey key = javax.crypto.KeyGenerator.getInstance(""DES"").generateKey();
            java.security.spec.AlgorithmParameterSpec paramSpec =
                    new javax.crypto.spec.IvParameterSpec(iv);
            c.init(javax.crypto.Cipher.ENCRYPT_MODE, key, paramSpec);

            // encrypt and store the results
            byte[] input = {(byte) '?'};
            Object inputParam = bar;
            if (inputParam instanceof String) input = ((String) inputParam).getBytes();
            if (inputParam instanceof java.io.InputStream) {
                byte[] strInput = new byte[1000];
                int i = ((java.io.InputStream) inputParam).read(strInput);
                if (i == -1) {
                    response.getWriter()
                            .println(
                                    ""This input source requires a POST, not a GET. Incompatible UI for the InputStream source."");
                    return;
                }
                input = java.util.Arrays.copyOf(strInput, i);
            }
            byte[] result = c.doFinal(input);

            java.io.File fileTarget =
                    new java.io.File(
                            new java.io.File(org.owasp.benchmark.helpers.Utils.TESTFILES_DIR),
                            ""passwordFile.txt"");
            java.io.FileWriter fw =
                    new java.io.FileWriter(fileTarget, true); // the true will append the new data
            fw.write(
                    ""secret_value=""
                            + org.owasp.esapi.ESAPI.encoder().encodeForBase64(result, true)
                            + ""\n"");
            fw.close();
            response.getWriter()
                    .println(
                            ""Sensitive value: '""
                                    + org.owasp
                                            .esapi
                                            .ESAPI
                                            .encoder()
                                            .encodeForHTML(new String(input))
                                    + ""' encrypted and stored<br/>"");

        } catch (java.security.NoSuchAlgorithmException
                | javax.crypto.NoSuchPaddingException
                | javax.crypto.IllegalBlockSizeException
                | javax.crypto.BadPaddingException
                | java.security.InvalidKeyException
                | java.security.InvalidAlgorithmParameterException e) {
            response.getWriter()
                    .println(
                            ""Problem executing crypto - javax.crypto.Cipher.getInstance(java.lang.String,java.security.Provider) Test Case"");
            e.printStackTrace(response.getWriter());
            throw new ServletException(e);
        }
    } // end doPost

    private class Test {

        public String doSomething(HttpServletRequest request, String param)
                throws ServletException, IOException {

            String bar = org.owasp.esapi.ESAPI.encoder().encodeForHTML(param);

            return bar;
        }
    } // end innerclass Test
} // end DataflowThruInnerClass
", crypto,327,True
BenchmarkTest00449.java,org.owasp.benchmark.testcode,/crypto-00/BenchmarkTest00449,Weak Cryptography,"/**
 * OWASP Benchmark Project v1.2
 *
 * <p>This file is part of the Open Web Application Security Project (OWASP) Benchmark Project. For
 * details, please see <a
 * href=""https://owasp.org/www-project-benchmark/"">https://owasp.org/www-project-benchmark/</a>.
 *
 * <p>The OWASP Benchmark is free software: you can redistribute it and/or modify it under the terms
 * of the GNU General Public License as published by the Free Software Foundation, version 2.
 *
 * <p>The OWASP Benchmark is distributed in the hope that it will be useful, but WITHOUT ANY
 * WARRANTY; without even the implied warranty of MERCHANTABILITY or FITNESS FOR A PARTICULAR
 * PURPOSE. See the GNU General Public License for more details.
 *
 * @author Nick Sanidas
 * @created 2015
 */
package org.owasp.benchmark.testcode;

import java.io.IOException;
import javax.servlet.ServletException;
import javax.servlet.annotation.WebServlet;
import javax.servlet.http.HttpServlet;
import javax.servlet.http.HttpServletRequest;
import javax.servlet.http.HttpServletResponse;

@WebServlet(value = ""/crypto-00/BenchmarkTest00449"")
public class BenchmarkTest00449 extends HttpServlet {

    private static final long serialVersionUID = 1L;

    @Override
    public void doGet(HttpServletRequest request, HttpServletResponse response)
            throws ServletException, IOException {
        doPost(request, response);
    }

    @Override
    public void doPost(HttpServletRequest request, HttpServletResponse response)
            throws ServletException, IOException {
        response.setContentType(""text/html;charset=UTF-8"");

        java.util.Map<String, String[]> map = request.getParameterMap();
        String param = """";
        if (!map.isEmpty()) {
            String[] values = map.get(""BenchmarkTest00449"");
            if (values != null) param = values[0];
        }

        String bar = param;
        if (param != null && param.length() > 1) {
            bar = param.substring(0, param.length() - 1);
        }

        try {
            java.util.Properties benchmarkprops = new java.util.Properties();
            benchmarkprops.load(
                    this.getClass().getClassLoader().getResourceAsStream(""benchmark.properties""));
            String algorithm = benchmarkprops.getProperty(""cryptoAlg1"", ""DESede/ECB/PKCS5Padding"");
            javax.crypto.Cipher c = javax.crypto.Cipher.getInstance(algorithm);

            // Prepare the cipher to encrypt
            javax.crypto.SecretKey key = javax.crypto.KeyGenerator.getInstance(""DES"").generateKey();
            c.init(javax.crypto.Cipher.ENCRYPT_MODE, key);

            // encrypt and store the results
            byte[] input = {(byte) '?'};
            Object inputParam = bar;
            if (inputParam instanceof String) input = ((String) inputParam).getBytes();
            if (inputParam instanceof java.io.InputStream) {
                byte[] strInput = new byte[1000];
                int i = ((java.io.InputStream) inputParam).read(strInput);
                if (i == -1) {
                    response.getWriter()
                            .println(
                                    ""This input source requires a POST, not a GET. Incompatible UI for the InputStream source."");
                    return;
                }
                input = java.util.Arrays.copyOf(strInput, i);
            }
            byte[] result = c.doFinal(input);

            java.io.File fileTarget =
                    new java.io.File(
                            new java.io.File(org.owasp.benchmark.helpers.Utils.TESTFILES_DIR),
                            ""passwordFile.txt"");
            java.io.FileWriter fw =
                    new java.io.FileWriter(fileTarget, true); // the true will append the new data
            fw.write(
                    ""secret_value=""
                            + org.owasp.esapi.ESAPI.encoder().encodeForBase64(result, true)
                            + ""\n"");
            fw.close();
            response.getWriter()
                    .println(
                            ""Sensitive value: '""
                                    + org.owasp
                                            .esapi
                                            .ESAPI
                                            .encoder()
                                            .encodeForHTML(new String(input))
                                    + ""' encrypted and stored<br/>"");

        } catch (java.security.NoSuchAlgorithmException
                | javax.crypto.NoSuchPaddingException
                | javax.crypto.IllegalBlockSizeException
                | javax.crypto.BadPaddingException
                | java.security.InvalidKeyException e) {
            response.getWriter()
                    .println(
                            ""Problem executing crypto - javax.crypto.Cipher.getInstance(java.lang.String,java.security.Provider) Test Case"");
            e.printStackTrace(response.getWriter());
            throw new ServletException(e);
        }
    }
}
", crypto,327,True
BenchmarkTest00961.java,org.owasp.benchmark.testcode,/hash-01/BenchmarkTest00961,Weak Hashing,"/**
 * OWASP Benchmark Project v1.2
 *
 * <p>This file is part of the Open Web Application Security Project (OWASP) Benchmark Project. For
 * details, please see <a
 * href=""https://owasp.org/www-project-benchmark/"">https://owasp.org/www-project-benchmark/</a>.
 *
 * <p>The OWASP Benchmark is free software: you can redistribute it and/or modify it under the terms
 * of the GNU General Public License as published by the Free Software Foundation, version 2.
 *
 * <p>The OWASP Benchmark is distributed in the hope that it will be useful, but WITHOUT ANY
 * WARRANTY; without even the implied warranty of MERCHANTABILITY or FITNESS FOR A PARTICULAR
 * PURPOSE. See the GNU General Public License for more details.
 *
 * @author Dave Wichers
 * @created 2015
 */
package org.owasp.benchmark.testcode;

import java.io.IOException;
import javax.servlet.ServletException;
import javax.servlet.annotation.WebServlet;
import javax.servlet.http.HttpServlet;
import javax.servlet.http.HttpServletRequest;
import javax.servlet.http.HttpServletResponse;

@WebServlet(value = ""/hash-01/BenchmarkTest00961"")
public class BenchmarkTest00961 extends HttpServlet {

    private static final long serialVersionUID = 1L;

    @Override
    public void doGet(HttpServletRequest request, HttpServletResponse response)
            throws ServletException, IOException {
        response.setContentType(""text/html;charset=UTF-8"");
        javax.servlet.http.Cookie userCookie =
                new javax.servlet.http.Cookie(""BenchmarkTest00961"", ""someSecret"");
        userCookie.setMaxAge(60 * 3); // Store cookie for 3 minutes
        userCookie.setSecure(true);
        userCookie.setHttpOnly(true);
        userCookie.setPath(request.getRequestURI());
        userCookie.setDomain(new java.net.URL(request.getRequestURL().toString()).getHost());
        response.addCookie(userCookie);
        javax.servlet.RequestDispatcher rd =
                request.getRequestDispatcher(""/hash-01/BenchmarkTest00961.html"");
        rd.include(request, response);
    }

    @Override
    public void doPost(HttpServletRequest request, HttpServletResponse response)
            throws ServletException, IOException {
        response.setContentType(""text/html;charset=UTF-8"");

        javax.servlet.http.Cookie[] theCookies = request.getCookies();

        String param = ""noCookieValueSupplied"";
        if (theCookies != null) {
            for (javax.servlet.http.Cookie theCookie : theCookies) {
                if (theCookie.getName().equals(""BenchmarkTest00961"")) {
                    param = java.net.URLDecoder.decode(theCookie.getValue(), ""UTF-8"");
                    break;
                }
            }
        }

        String bar = new Test().doSomething(request, param);

        try {
            java.security.MessageDigest md = java.security.MessageDigest.getInstance(""SHA1"", ""SUN"");
            byte[] input = {(byte) '?'};
            Object inputParam = bar;
            if (inputParam instanceof String) input = ((String) inputParam).getBytes();
            if (inputParam instanceof java.io.InputStream) {
                byte[] strInput = new byte[1000];
                int i = ((java.io.InputStream) inputParam).read(strInput);
                if (i == -1) {
                    response.getWriter()
                            .println(
                                    ""This input source requires a POST, not a GET. Incompatible UI for the InputStream source."");
                    return;
                }
                input = java.util.Arrays.copyOf(strInput, i);
            }
            md.update(input);

            byte[] result = md.digest();
            java.io.File fileTarget =
                    new java.io.File(
                            new java.io.File(org.owasp.benchmark.helpers.Utils.TESTFILES_DIR),
                            ""passwordFile.txt"");
            java.io.FileWriter fw =
                    new java.io.FileWriter(fileTarget, true); // the true will append the new data
            fw.write(
                    ""hash_value=""
                            + org.owasp.esapi.ESAPI.encoder().encodeForBase64(result, true)
                            + ""\n"");
            fw.close();
            response.getWriter()
                    .println(
                            ""Sensitive value '""
                                    + org.owasp
                                            .esapi
                                            .ESAPI
                                            .encoder()
                                            .encodeForHTML(new String(input))
                                    + ""' hashed and stored<br/>"");

        } catch (java.security.NoSuchAlgorithmException e) {
            System.out.println(
                    ""Problem executing hash - TestCase java.security.MessageDigest.getInstance(java.lang.String,java.lang.String)"");
            throw new ServletException(e);
        } catch (java.security.NoSuchProviderException e) {
            System.out.println(
                    ""Problem executing hash - TestCase java.security.MessageDigest.getInstance(java.lang.String,java.lang.String)"");
            throw new ServletException(e);
        }

        response.getWriter()
                .println(
                        ""Hash Test java.security.MessageDigest.getInstance(java.lang.String,java.lang.String) executed"");
    } // end doPost

    private class Test {

        public String doSomething(HttpServletRequest request, String param)
                throws ServletException, IOException {

            String bar = ""safe!"";
            java.util.HashMap<String, Object> map47722 = new java.util.HashMap<String, Object>();
            map47722.put(""keyA-47722"", ""a_Value""); // put some stuff in the collection
            map47722.put(""keyB-47722"", param); // put it in a collection
            map47722.put(""keyC"", ""another_Value""); // put some stuff in the collection
            bar = (String) map47722.get(""keyB-47722""); // get it back out
            bar = (String) map47722.get(""keyA-47722""); // get safe value back out

            return bar;
        }
    } // end innerclass Test
} // end DataflowThruInnerClass
", hash,328,True
BenchmarkTest00705.java,org.owasp.benchmark.testcode,/hash-00/BenchmarkTest00705,Weak Hashing,"/**
 * OWASP Benchmark Project v1.2
 *
 * <p>This file is part of the Open Web Application Security Project (OWASP) Benchmark Project. For
 * details, please see <a
 * href=""https://owasp.org/www-project-benchmark/"">https://owasp.org/www-project-benchmark/</a>.
 *
 * <p>The OWASP Benchmark is free software: you can redistribute it and/or modify it under the terms
 * of the GNU General Public License as published by the Free Software Foundation, version 2.
 *
 * <p>The OWASP Benchmark is distributed in the hope that it will be useful, but WITHOUT ANY
 * WARRANTY; without even the implied warranty of MERCHANTABILITY or FITNESS FOR A PARTICULAR
 * PURPOSE. See the GNU General Public License for more details.
 *
 * @author Nick Sanidas
 * @created 2015
 */
package org.owasp.benchmark.testcode;

import java.io.IOException;
import javax.servlet.ServletException;
import javax.servlet.annotation.WebServlet;
import javax.servlet.http.HttpServlet;
import javax.servlet.http.HttpServletRequest;
import javax.servlet.http.HttpServletResponse;

@WebServlet(value = ""/hash-00/BenchmarkTest00705"")
public class BenchmarkTest00705 extends HttpServlet {

    private static final long serialVersionUID = 1L;

    @Override
    public void doGet(HttpServletRequest request, HttpServletResponse response)
            throws ServletException, IOException {
        doPost(request, response);
    }

    @Override
    public void doPost(HttpServletRequest request, HttpServletResponse response)
            throws ServletException, IOException {
        response.setContentType(""text/html;charset=UTF-8"");

        String[] values = request.getParameterValues(""BenchmarkTest00705"");
        String param;
        if (values != null && values.length > 0) param = values[0];
        else param = """";

        String bar = ""safe!"";
        java.util.HashMap<String, Object> map71551 = new java.util.HashMap<String, Object>();
        map71551.put(""keyA-71551"", ""a_Value""); // put some stuff in the collection
        map71551.put(""keyB-71551"", param); // put it in a collection
        map71551.put(""keyC"", ""another_Value""); // put some stuff in the collection
        bar = (String) map71551.get(""keyB-71551""); // get it back out
        bar = (String) map71551.get(""keyA-71551""); // get safe value back out

        try {
            java.security.MessageDigest md = java.security.MessageDigest.getInstance(""SHA1"", ""SUN"");
            byte[] input = {(byte) '?'};
            Object inputParam = bar;
            if (inputParam instanceof String) input = ((String) inputParam).getBytes();
            if (inputParam instanceof java.io.InputStream) {
                byte[] strInput = new byte[1000];
                int i = ((java.io.InputStream) inputParam).read(strInput);
                if (i == -1) {
                    response.getWriter()
                            .println(
                                    ""This input source requires a POST, not a GET. Incompatible UI for the InputStream source."");
                    return;
                }
                input = java.util.Arrays.copyOf(strInput, i);
            }
            md.update(input);

            byte[] result = md.digest();
            java.io.File fileTarget =
                    new java.io.File(
                            new java.io.File(org.owasp.benchmark.helpers.Utils.TESTFILES_DIR),
                            ""passwordFile.txt"");
            java.io.FileWriter fw =
                    new java.io.FileWriter(fileTarget, true); // the true will append the new data
            fw.write(
                    ""hash_value=""
                            + org.owasp.esapi.ESAPI.encoder().encodeForBase64(result, true)
                            + ""\n"");
            fw.close();
            response.getWriter()
                    .println(
                            ""Sensitive value '""
                                    + org.owasp
                                            .esapi
                                            .ESAPI
                                            .encoder()
                                            .encodeForHTML(new String(input))
                                    + ""' hashed and stored<br/>"");

        } catch (java.security.NoSuchAlgorithmException e) {
            System.out.println(
                    ""Problem executing hash - TestCase java.security.MessageDigest.getInstance(java.lang.String,java.lang.String)"");
            throw new ServletException(e);
        } catch (java.security.NoSuchProviderException e) {
            System.out.println(
                    ""Problem executing hash - TestCase java.security.MessageDigest.getInstance(java.lang.String,java.lang.String)"");
            throw new ServletException(e);
        }

        response.getWriter()
                .println(
                        ""Hash Test java.security.MessageDigest.getInstance(java.lang.String,java.lang.String) executed"");
    }
}
", hash,328,True
BenchmarkTest00346.java,org.owasp.benchmark.testcode,/hash-00/BenchmarkTest00346,Weak Hashing,"/**
 * OWASP Benchmark Project v1.2
 *
 * <p>This file is part of the Open Web Application Security Project (OWASP) Benchmark Project. For
 * details, please see <a
 * href=""https://owasp.org/www-project-benchmark/"">https://owasp.org/www-project-benchmark/</a>.
 *
 * <p>The OWASP Benchmark is free software: you can redistribute it and/or modify it under the terms
 * of the GNU General Public License as published by the Free Software Foundation, version 2.
 *
 * <p>The OWASP Benchmark is distributed in the hope that it will be useful, but WITHOUT ANY
 * WARRANTY; without even the implied warranty of MERCHANTABILITY or FITNESS FOR A PARTICULAR
 * PURPOSE. See the GNU General Public License for more details.
 *
 * @author Nick Sanidas
 * @created 2015
 */
package org.owasp.benchmark.testcode;

import java.io.IOException;
import javax.servlet.ServletException;
import javax.servlet.annotation.WebServlet;
import javax.servlet.http.HttpServlet;
import javax.servlet.http.HttpServletRequest;
import javax.servlet.http.HttpServletResponse;

@WebServlet(value = ""/hash-00/BenchmarkTest00346"")
public class BenchmarkTest00346 extends HttpServlet {

    private static final long serialVersionUID = 1L;

    @Override
    public void doGet(HttpServletRequest request, HttpServletResponse response)
            throws ServletException, IOException {
        doPost(request, response);
    }

    @Override
    public void doPost(HttpServletRequest request, HttpServletResponse response)
            throws ServletException, IOException {
        response.setContentType(""text/html;charset=UTF-8"");

        java.io.InputStream param = request.getInputStream();

        java.io.InputStream bar = param;

        java.security.Provider[] provider = java.security.Security.getProviders();
        java.security.MessageDigest md;

        try {
            if (provider.length > 1) {

                md = java.security.MessageDigest.getInstance(""SHA1"", provider[0]);
            } else {
                md = java.security.MessageDigest.getInstance(""SHA1"", ""SUN"");
            }
            byte[] input = {(byte) '?'};
            Object inputParam = bar;
            if (inputParam instanceof String) input = ((String) inputParam).getBytes();
            if (inputParam instanceof java.io.InputStream) {
                byte[] strInput = new byte[1000];
                int i = ((java.io.InputStream) inputParam).read(strInput);
                if (i == -1) {
                    response.getWriter()
                            .println(
                                    ""This input source requires a POST, not a GET. Incompatible UI for the InputStream source."");
                    return;
                }
                input = java.util.Arrays.copyOf(strInput, i);
            }
            md.update(input);

            byte[] result = md.digest();
            java.io.File fileTarget =
                    new java.io.File(
                            new java.io.File(org.owasp.benchmark.helpers.Utils.TESTFILES_DIR),
                            ""passwordFile.txt"");
            java.io.FileWriter fw =
                    new java.io.FileWriter(fileTarget, true); // the true will append the new data
            fw.write(
                    ""hash_value=""
                            + org.owasp.esapi.ESAPI.encoder().encodeForBase64(result, true)
                            + ""\n"");
            fw.close();
            response.getWriter()
                    .println(
                            ""Sensitive value '""
                                    + org.owasp
                                            .esapi
                                            .ESAPI
                                            .encoder()
                                            .encodeForHTML(new String(input))
                                    + ""' hashed and stored<br/>"");

        } catch (java.security.NoSuchAlgorithmException e) {
            System.out.println(
                    ""Problem executing hash - TestCase java.security.MessageDigest.getInstance(java.lang.String,java.security.Provider)"");
            throw new ServletException(e);
        } catch (java.security.NoSuchProviderException e) {
            System.out.println(
                    ""Problem executing hash - TestCase java.security.MessageDigest.getInstance(java.lang.String,java.security.Provider)"");
            throw new ServletException(e);
        }

        response.getWriter()
                .println(
                        ""Hash Test java.security.MessageDigest.getInstance(java.lang.String,java.security.Provider) executed"");
    }
}
", hash,328,True
BenchmarkTest00537.java,org.owasp.benchmark.testcode,/hash-00/BenchmarkTest00537,Weak Hashing,"/**
 * OWASP Benchmark Project v1.2
 *
 * <p>This file is part of the Open Web Application Security Project (OWASP) Benchmark Project. For
 * details, please see <a
 * href=""https://owasp.org/www-project-benchmark/"">https://owasp.org/www-project-benchmark/</a>.
 *
 * <p>The OWASP Benchmark is free software: you can redistribute it and/or modify it under the terms
 * of the GNU General Public License as published by the Free Software Foundation, version 2.
 *
 * <p>The OWASP Benchmark is distributed in the hope that it will be useful, but WITHOUT ANY
 * WARRANTY; without even the implied warranty of MERCHANTABILITY or FITNESS FOR A PARTICULAR
 * PURPOSE. See the GNU General Public License for more details.
 *
 * @author Nick Sanidas
 * @created 2015
 */
package org.owasp.benchmark.testcode;

import java.io.IOException;
import javax.servlet.ServletException;
import javax.servlet.annotation.WebServlet;
import javax.servlet.http.HttpServlet;
import javax.servlet.http.HttpServletRequest;
import javax.servlet.http.HttpServletResponse;

@WebServlet(value = ""/hash-00/BenchmarkTest00537"")
public class BenchmarkTest00537 extends HttpServlet {

    private static final long serialVersionUID = 1L;

    @Override
    public void doGet(HttpServletRequest request, HttpServletResponse response)
            throws ServletException, IOException {
        doPost(request, response);
    }

    @Override
    public void doPost(HttpServletRequest request, HttpServletResponse response)
            throws ServletException, IOException {
        response.setContentType(""text/html;charset=UTF-8"");

        String param = """";
        boolean flag = true;
        java.util.Enumeration<String> names = request.getParameterNames();
        while (names.hasMoreElements() && flag) {
            String name = (String) names.nextElement();
            String[] values = request.getParameterValues(name);
            if (values != null) {
                for (int i = 0; i < values.length && flag; i++) {
                    String value = values[i];
                    if (value.equals(""BenchmarkTest00537"")) {
                        param = name;
                        flag = false;
                    }
                }
            }
        }

        String bar = org.springframework.web.util.HtmlUtils.htmlEscape(param);

        try {
            java.security.MessageDigest md = java.security.MessageDigest.getInstance(""MD5"");
            byte[] input = {(byte) '?'};
            Object inputParam = bar;
            if (inputParam instanceof String) input = ((String) inputParam).getBytes();
            if (inputParam instanceof java.io.InputStream) {
                byte[] strInput = new byte[1000];
                int i = ((java.io.InputStream) inputParam).read(strInput);
                if (i == -1) {
                    response.getWriter()
                            .println(
                                    ""This input source requires a POST, not a GET. Incompatible UI for the InputStream source."");
                    return;
                }
                input = java.util.Arrays.copyOf(strInput, i);
            }
            md.update(input);

            byte[] result = md.digest();
            java.io.File fileTarget =
                    new java.io.File(
                            new java.io.File(org.owasp.benchmark.helpers.Utils.TESTFILES_DIR),
                            ""passwordFile.txt"");
            java.io.FileWriter fw =
                    new java.io.FileWriter(fileTarget, true); // the true will append the new data
            fw.write(
                    ""hash_value=""
                            + org.owasp.esapi.ESAPI.encoder().encodeForBase64(result, true)
                            + ""\n"");
            fw.close();
            response.getWriter()
                    .println(
                            ""Sensitive value '""
                                    + org.owasp
                                            .esapi
                                            .ESAPI
                                            .encoder()
                                            .encodeForHTML(new String(input))
                                    + ""' hashed and stored<br/>"");

        } catch (java.security.NoSuchAlgorithmException e) {
            System.out.println(""Problem executing hash - TestCase"");
            throw new ServletException(e);
        }

        response.getWriter()
                .println(
                        ""Hash Test java.security.MessageDigest.getInstance(java.lang.String) executed"");
    }
}
", hash,328,True
BenchmarkTest02392.java,org.owasp.benchmark.testcode,/hash-02/BenchmarkTest02392,Weak Hashing,"/**
 * OWASP Benchmark Project v1.2
 *
 * <p>This file is part of the Open Web Application Security Project (OWASP) Benchmark Project. For
 * details, please see <a
 * href=""https://owasp.org/www-project-benchmark/"">https://owasp.org/www-project-benchmark/</a>.
 *
 * <p>The OWASP Benchmark is free software: you can redistribute it and/or modify it under the terms
 * of the GNU General Public License as published by the Free Software Foundation, version 2.
 *
 * <p>The OWASP Benchmark is distributed in the hope that it will be useful, but WITHOUT ANY
 * WARRANTY; without even the implied warranty of MERCHANTABILITY or FITNESS FOR A PARTICULAR
 * PURPOSE. See the GNU General Public License for more details.
 *
 * @author Nick Sanidas
 * @created 2015
 */
package org.owasp.benchmark.testcode;

import java.io.IOException;
import javax.servlet.ServletException;
import javax.servlet.annotation.WebServlet;
import javax.servlet.http.HttpServlet;
import javax.servlet.http.HttpServletRequest;
import javax.servlet.http.HttpServletResponse;

@WebServlet(value = ""/hash-02/BenchmarkTest02392"")
public class BenchmarkTest02392 extends HttpServlet {

    private static final long serialVersionUID = 1L;

    @Override
    public void doGet(HttpServletRequest request, HttpServletResponse response)
            throws ServletException, IOException {
        doPost(request, response);
    }

    @Override
    public void doPost(HttpServletRequest request, HttpServletResponse response)
            throws ServletException, IOException {
        response.setContentType(""text/html;charset=UTF-8"");

        org.owasp.benchmark.helpers.SeparateClassRequest scr =
                new org.owasp.benchmark.helpers.SeparateClassRequest(request);
        String param = scr.getTheParameter(""BenchmarkTest02392"");
        if (param == null) param = """";

        String bar = doSomething(request, param);

        try {
            java.util.Properties benchmarkprops = new java.util.Properties();
            benchmarkprops.load(
                    this.getClass().getClassLoader().getResourceAsStream(""benchmark.properties""));
            String algorithm = benchmarkprops.getProperty(""hashAlg1"", ""SHA512"");
            java.security.MessageDigest md = java.security.MessageDigest.getInstance(algorithm);
            byte[] input = {(byte) '?'};
            Object inputParam = bar;
            if (inputParam instanceof String) input = ((String) inputParam).getBytes();
            if (inputParam instanceof java.io.InputStream) {
                byte[] strInput = new byte[1000];
                int i = ((java.io.InputStream) inputParam).read(strInput);
                if (i == -1) {
                    response.getWriter()
                            .println(
                                    ""This input source requires a POST, not a GET. Incompatible UI for the InputStream source."");
                    return;
                }
                input = java.util.Arrays.copyOf(strInput, i);
            }
            md.update(input);

            byte[] result = md.digest();
            java.io.File fileTarget =
                    new java.io.File(
                            new java.io.File(org.owasp.benchmark.helpers.Utils.TESTFILES_DIR),
                            ""passwordFile.txt"");
            java.io.FileWriter fw =
                    new java.io.FileWriter(fileTarget, true); // the true will append the new data
            fw.write(
                    ""hash_value=""
                            + org.owasp.esapi.ESAPI.encoder().encodeForBase64(result, true)
                            + ""\n"");
            fw.close();
            response.getWriter()
                    .println(
                            ""Sensitive value '""
                                    + org.owasp
                                            .esapi
                                            .ESAPI
                                            .encoder()
                                            .encodeForHTML(new String(input))
                                    + ""' hashed and stored<br/>"");

        } catch (java.security.NoSuchAlgorithmException e) {
            System.out.println(""Problem executing hash - TestCase"");
            throw new ServletException(e);
        }

        response.getWriter()
                .println(
                        ""Hash Test java.security.MessageDigest.getInstance(java.lang.String) executed"");
    } // end doPost

    private static String doSomething(HttpServletRequest request, String param)
            throws ServletException, IOException {

        String bar = ""alsosafe"";
        if (param != null) {
            java.util.List<String> valuesList = new java.util.ArrayList<String>();
            valuesList.add(""safe"");
            valuesList.add(param);
            valuesList.add(""moresafe"");

            valuesList.remove(0); // remove the 1st safe value

            bar = valuesList.get(1); // get the last 'safe' value
        }

        return bar;
    }
}
", hash,328,True
BenchmarkTest00963.java,org.owasp.benchmark.testcode,/hash-01/BenchmarkTest00963,Weak Hashing,"/**
 * OWASP Benchmark Project v1.2
 *
 * <p>This file is part of the Open Web Application Security Project (OWASP) Benchmark Project. For
 * details, please see <a
 * href=""https://owasp.org/www-project-benchmark/"">https://owasp.org/www-project-benchmark/</a>.
 *
 * <p>The OWASP Benchmark is free software: you can redistribute it and/or modify it under the terms
 * of the GNU General Public License as published by the Free Software Foundation, version 2.
 *
 * <p>The OWASP Benchmark is distributed in the hope that it will be useful, but WITHOUT ANY
 * WARRANTY; without even the implied warranty of MERCHANTABILITY or FITNESS FOR A PARTICULAR
 * PURPOSE. See the GNU General Public License for more details.
 *
 * @author Dave Wichers
 * @created 2015
 */
package org.owasp.benchmark.testcode;

import java.io.IOException;
import javax.servlet.ServletException;
import javax.servlet.annotation.WebServlet;
import javax.servlet.http.HttpServlet;
import javax.servlet.http.HttpServletRequest;
import javax.servlet.http.HttpServletResponse;

@WebServlet(value = ""/hash-01/BenchmarkTest00963"")
public class BenchmarkTest00963 extends HttpServlet {

    private static final long serialVersionUID = 1L;

    @Override
    public void doGet(HttpServletRequest request, HttpServletResponse response)
            throws ServletException, IOException {
        response.setContentType(""text/html;charset=UTF-8"");
        javax.servlet.http.Cookie userCookie =
                new javax.servlet.http.Cookie(""BenchmarkTest00963"", ""someSecret"");
        userCookie.setMaxAge(60 * 3); // Store cookie for 3 minutes
        userCookie.setSecure(true);
        userCookie.setHttpOnly(true);
        userCookie.setPath(request.getRequestURI());
        userCookie.setDomain(new java.net.URL(request.getRequestURL().toString()).getHost());
        response.addCookie(userCookie);
        javax.servlet.RequestDispatcher rd =
                request.getRequestDispatcher(""/hash-01/BenchmarkTest00963.html"");
        rd.include(request, response);
    }

    @Override
    public void doPost(HttpServletRequest request, HttpServletResponse response)
            throws ServletException, IOException {
        response.setContentType(""text/html;charset=UTF-8"");

        javax.servlet.http.Cookie[] theCookies = request.getCookies();

        String param = ""noCookieValueSupplied"";
        if (theCookies != null) {
            for (javax.servlet.http.Cookie theCookie : theCookies) {
                if (theCookie.getName().equals(""BenchmarkTest00963"")) {
                    param = java.net.URLDecoder.decode(theCookie.getValue(), ""UTF-8"");
                    break;
                }
            }
        }

        String bar = new Test().doSomething(request, param);

        try {
            java.security.MessageDigest md = java.security.MessageDigest.getInstance(""MD5"");
            byte[] input = {(byte) '?'};
            Object inputParam = bar;
            if (inputParam instanceof String) input = ((String) inputParam).getBytes();
            if (inputParam instanceof java.io.InputStream) {
                byte[] strInput = new byte[1000];
                int i = ((java.io.InputStream) inputParam).read(strInput);
                if (i == -1) {
                    response.getWriter()
                            .println(
                                    ""This input source requires a POST, not a GET. Incompatible UI for the InputStream source."");
                    return;
                }
                input = java.util.Arrays.copyOf(strInput, i);
            }
            md.update(input);

            byte[] result = md.digest();
            java.io.File fileTarget =
                    new java.io.File(
                            new java.io.File(org.owasp.benchmark.helpers.Utils.TESTFILES_DIR),
                            ""passwordFile.txt"");
            java.io.FileWriter fw =
                    new java.io.FileWriter(fileTarget, true); // the true will append the new data
            fw.write(
                    ""hash_value=""
                            + org.owasp.esapi.ESAPI.encoder().encodeForBase64(result, true)
                            + ""\n"");
            fw.close();
            response.getWriter()
                    .println(
                            ""Sensitive value '""
                                    + org.owasp
                                            .esapi
                                            .ESAPI
                                            .encoder()
                                            .encodeForHTML(new String(input))
                                    + ""' hashed and stored<br/>"");

        } catch (java.security.NoSuchAlgorithmException e) {
            System.out.println(""Problem executing hash - TestCase"");
            throw new ServletException(e);
        }

        response.getWriter()
                .println(
                        ""Hash Test java.security.MessageDigest.getInstance(java.lang.String) executed"");
    } // end doPost

    private class Test {

        public String doSomething(HttpServletRequest request, String param)
                throws ServletException, IOException {

            String bar = org.owasp.esapi.ESAPI.encoder().encodeForHTML(param);

            return bar;
        }
    } // end innerclass Test
} // end DataflowThruInnerClass
", hash,328,True
BenchmarkTest01246.java,org.owasp.benchmark.testcode,/hash-01/BenchmarkTest01246,Weak Hashing,"/**
 * OWASP Benchmark Project v1.2
 *
 * <p>This file is part of the Open Web Application Security Project (OWASP) Benchmark Project. For
 * details, please see <a
 * href=""https://owasp.org/www-project-benchmark/"">https://owasp.org/www-project-benchmark/</a>.
 *
 * <p>The OWASP Benchmark is free software: you can redistribute it and/or modify it under the terms
 * of the GNU General Public License as published by the Free Software Foundation, version 2.
 *
 * <p>The OWASP Benchmark is distributed in the hope that it will be useful, but WITHOUT ANY
 * WARRANTY; without even the implied warranty of MERCHANTABILITY or FITNESS FOR A PARTICULAR
 * PURPOSE. See the GNU General Public License for more details.
 *
 * @author Dave Wichers
 * @created 2015
 */
package org.owasp.benchmark.testcode;

import java.io.IOException;
import javax.servlet.ServletException;
import javax.servlet.annotation.WebServlet;
import javax.servlet.http.HttpServlet;
import javax.servlet.http.HttpServletRequest;
import javax.servlet.http.HttpServletResponse;

@WebServlet(value = ""/hash-01/BenchmarkTest01246"")
public class BenchmarkTest01246 extends HttpServlet {

    private static final long serialVersionUID = 1L;

    @Override
    public void doGet(HttpServletRequest request, HttpServletResponse response)
            throws ServletException, IOException {
        doPost(request, response);
    }

    @Override
    public void doPost(HttpServletRequest request, HttpServletResponse response)
            throws ServletException, IOException {
        response.setContentType(""text/html;charset=UTF-8"");

        String param = request.getParameter(""BenchmarkTest01246"");
        if (param == null) param = """";

        String bar = new Test().doSomething(request, param);

        try {
            java.security.MessageDigest md = java.security.MessageDigest.getInstance(""SHA1"", ""SUN"");
            byte[] input = {(byte) '?'};
            Object inputParam = bar;
            if (inputParam instanceof String) input = ((String) inputParam).getBytes();
            if (inputParam instanceof java.io.InputStream) {
                byte[] strInput = new byte[1000];
                int i = ((java.io.InputStream) inputParam).read(strInput);
                if (i == -1) {
                    response.getWriter()
                            .println(
                                    ""This input source requires a POST, not a GET. Incompatible UI for the InputStream source."");
                    return;
                }
                input = java.util.Arrays.copyOf(strInput, i);
            }
            md.update(input);

            byte[] result = md.digest();
            java.io.File fileTarget =
                    new java.io.File(
                            new java.io.File(org.owasp.benchmark.helpers.Utils.TESTFILES_DIR),
                            ""passwordFile.txt"");
            java.io.FileWriter fw =
                    new java.io.FileWriter(fileTarget, true); // the true will append the new data
            fw.write(
                    ""hash_value=""
                            + org.owasp.esapi.ESAPI.encoder().encodeForBase64(result, true)
                            + ""\n"");
            fw.close();
            response.getWriter()
                    .println(
                            ""Sensitive value '""
                                    + org.owasp
                                            .esapi
                                            .ESAPI
                                            .encoder()
                                            .encodeForHTML(new String(input))
                                    + ""' hashed and stored<br/>"");

        } catch (java.security.NoSuchAlgorithmException e) {
            System.out.println(
                    ""Problem executing hash - TestCase java.security.MessageDigest.getInstance(java.lang.String,java.lang.String)"");
            throw new ServletException(e);
        } catch (java.security.NoSuchProviderException e) {
            System.out.println(
                    ""Problem executing hash - TestCase java.security.MessageDigest.getInstance(java.lang.String,java.lang.String)"");
            throw new ServletException(e);
        }

        response.getWriter()
                .println(
                        ""Hash Test java.security.MessageDigest.getInstance(java.lang.String,java.lang.String) executed"");
    } // end doPost

    private class Test {

        public String doSomething(HttpServletRequest request, String param)
                throws ServletException, IOException {

            String bar;
            String guess = ""ABC"";
            char switchTarget = guess.charAt(2);

            // Simple case statement that assigns param to bar on conditions 'A', 'C', or 'D'
            switch (switchTarget) {
                case 'A':
                    bar = param;
                    break;
                case 'B':
                    bar = ""bobs_your_uncle"";
                    break;
                case 'C':
                case 'D':
                    bar = param;
                    break;
                default:
                    bar = ""bobs_your_uncle"";
                    break;
            }

            return bar;
        }
    } // end innerclass Test
} // end DataflowThruInnerClass
", hash,328,True
BenchmarkTest02219.java,org.owasp.benchmark.testcode,/hash-02/BenchmarkTest02219,Weak Hashing,"/**
 * OWASP Benchmark Project v1.2
 *
 * <p>This file is part of the Open Web Application Security Project (OWASP) Benchmark Project. For
 * details, please see <a
 * href=""https://owasp.org/www-project-benchmark/"">https://owasp.org/www-project-benchmark/</a>.
 *
 * <p>The OWASP Benchmark is free software: you can redistribute it and/or modify it under the terms
 * of the GNU General Public License as published by the Free Software Foundation, version 2.
 *
 * <p>The OWASP Benchmark is distributed in the hope that it will be useful, but WITHOUT ANY
 * WARRANTY; without even the implied warranty of MERCHANTABILITY or FITNESS FOR A PARTICULAR
 * PURPOSE. See the GNU General Public License for more details.
 *
 * @author Nick Sanidas
 * @created 2015
 */
package org.owasp.benchmark.testcode;

import java.io.IOException;
import javax.servlet.ServletException;
import javax.servlet.annotation.WebServlet;
import javax.servlet.http.HttpServlet;
import javax.servlet.http.HttpServletRequest;
import javax.servlet.http.HttpServletResponse;

@WebServlet(value = ""/hash-02/BenchmarkTest02219"")
public class BenchmarkTest02219 extends HttpServlet {

    private static final long serialVersionUID = 1L;

    @Override
    public void doGet(HttpServletRequest request, HttpServletResponse response)
            throws ServletException, IOException {
        doPost(request, response);
    }

    @Override
    public void doPost(HttpServletRequest request, HttpServletResponse response)
            throws ServletException, IOException {
        response.setContentType(""text/html;charset=UTF-8"");

        java.util.Map<String, String[]> map = request.getParameterMap();
        String param = """";
        if (!map.isEmpty()) {
            String[] values = map.get(""BenchmarkTest02219"");
            if (values != null) param = values[0];
        }

        String bar = doSomething(request, param);

        try {
            java.util.Properties benchmarkprops = new java.util.Properties();
            benchmarkprops.load(
                    this.getClass().getClassLoader().getResourceAsStream(""benchmark.properties""));
            String algorithm = benchmarkprops.getProperty(""hashAlg1"", ""SHA512"");
            java.security.MessageDigest md = java.security.MessageDigest.getInstance(algorithm);
            byte[] input = {(byte) '?'};
            Object inputParam = bar;
            if (inputParam instanceof String) input = ((String) inputParam).getBytes();
            if (inputParam instanceof java.io.InputStream) {
                byte[] strInput = new byte[1000];
                int i = ((java.io.InputStream) inputParam).read(strInput);
                if (i == -1) {
                    response.getWriter()
                            .println(
                                    ""This input source requires a POST, not a GET. Incompatible UI for the InputStream source."");
                    return;
                }
                input = java.util.Arrays.copyOf(strInput, i);
            }
            md.update(input);

            byte[] result = md.digest();
            java.io.File fileTarget =
                    new java.io.File(
                            new java.io.File(org.owasp.benchmark.helpers.Utils.TESTFILES_DIR),
                            ""passwordFile.txt"");
            java.io.FileWriter fw =
                    new java.io.FileWriter(fileTarget, true); // the true will append the new data
            fw.write(
                    ""hash_value=""
                            + org.owasp.esapi.ESAPI.encoder().encodeForBase64(result, true)
                            + ""\n"");
            fw.close();
            response.getWriter()
                    .println(
                            ""Sensitive value '""
                                    + org.owasp
                                            .esapi
                                            .ESAPI
                                            .encoder()
                                            .encodeForHTML(new String(input))
                                    + ""' hashed and stored<br/>"");

        } catch (java.security.NoSuchAlgorithmException e) {
            System.out.println(""Problem executing hash - TestCase"");
            throw new ServletException(e);
        }

        response.getWriter()
                .println(
                        ""Hash Test java.security.MessageDigest.getInstance(java.lang.String) executed"");
    } // end doPost

    private static String doSomething(HttpServletRequest request, String param)
            throws ServletException, IOException {

        String bar = """";
        if (param != null) {
            bar =
                    new String(
                            org.apache.commons.codec.binary.Base64.decodeBase64(
                                    org.apache.commons.codec.binary.Base64.encodeBase64(
                                            param.getBytes())));
        }

        return bar;
    }
}
", hash,328,True
BenchmarkTest01579.java,org.owasp.benchmark.testcode,/hash-01/BenchmarkTest01579,Weak Hashing,"/**
 * OWASP Benchmark Project v1.2
 *
 * <p>This file is part of the Open Web Application Security Project (OWASP) Benchmark Project. For
 * details, please see <a
 * href=""https://owasp.org/www-project-benchmark/"">https://owasp.org/www-project-benchmark/</a>.
 *
 * <p>The OWASP Benchmark is free software: you can redistribute it and/or modify it under the terms
 * of the GNU General Public License as published by the Free Software Foundation, version 2.
 *
 * <p>The OWASP Benchmark is distributed in the hope that it will be useful, but WITHOUT ANY
 * WARRANTY; without even the implied warranty of MERCHANTABILITY or FITNESS FOR A PARTICULAR
 * PURPOSE. See the GNU General Public License for more details.
 *
 * @author Dave Wichers
 * @created 2015
 */
package org.owasp.benchmark.testcode;

import java.io.IOException;
import javax.servlet.ServletException;
import javax.servlet.annotation.WebServlet;
import javax.servlet.http.HttpServlet;
import javax.servlet.http.HttpServletRequest;
import javax.servlet.http.HttpServletResponse;

@WebServlet(value = ""/hash-01/BenchmarkTest01579"")
public class BenchmarkTest01579 extends HttpServlet {

    private static final long serialVersionUID = 1L;

    @Override
    public void doGet(HttpServletRequest request, HttpServletResponse response)
            throws ServletException, IOException {
        doPost(request, response);
    }

    @Override
    public void doPost(HttpServletRequest request, HttpServletResponse response)
            throws ServletException, IOException {
        response.setContentType(""text/html;charset=UTF-8"");

        String[] values = request.getParameterValues(""BenchmarkTest01579"");
        String param;
        if (values != null && values.length > 0) param = values[0];
        else param = """";

        String bar = new Test().doSomething(request, param);

        try {
            java.util.Properties benchmarkprops = new java.util.Properties();
            benchmarkprops.load(
                    this.getClass().getClassLoader().getResourceAsStream(""benchmark.properties""));
            String algorithm = benchmarkprops.getProperty(""hashAlg1"", ""SHA512"");
            java.security.MessageDigest md = java.security.MessageDigest.getInstance(algorithm);
            byte[] input = {(byte) '?'};
            Object inputParam = bar;
            if (inputParam instanceof String) input = ((String) inputParam).getBytes();
            if (inputParam instanceof java.io.InputStream) {
                byte[] strInput = new byte[1000];
                int i = ((java.io.InputStream) inputParam).read(strInput);
                if (i == -1) {
                    response.getWriter()
                            .println(
                                    ""This input source requires a POST, not a GET. Incompatible UI for the InputStream source."");
                    return;
                }
                input = java.util.Arrays.copyOf(strInput, i);
            }
            md.update(input);

            byte[] result = md.digest();
            java.io.File fileTarget =
                    new java.io.File(
                            new java.io.File(org.owasp.benchmark.helpers.Utils.TESTFILES_DIR),
                            ""passwordFile.txt"");
            java.io.FileWriter fw =
                    new java.io.FileWriter(fileTarget, true); // the true will append the new data
            fw.write(
                    ""hash_value=""
                            + org.owasp.esapi.ESAPI.encoder().encodeForBase64(result, true)
                            + ""\n"");
            fw.close();
            response.getWriter()
                    .println(
                            ""Sensitive value '""
                                    + org.owasp
                                            .esapi
                                            .ESAPI
                                            .encoder()
                                            .encodeForHTML(new String(input))
                                    + ""' hashed and stored<br/>"");

        } catch (java.security.NoSuchAlgorithmException e) {
            System.out.println(""Problem executing hash - TestCase"");
            throw new ServletException(e);
        }

        response.getWriter()
                .println(
                        ""Hash Test java.security.MessageDigest.getInstance(java.lang.String) executed"");
    } // end doPost

    private class Test {

        public String doSomething(HttpServletRequest request, String param)
                throws ServletException, IOException {

            String bar = """";
            if (param != null) {
                java.util.List<String> valuesList = new java.util.ArrayList<String>();
                valuesList.add(""safe"");
                valuesList.add(param);
                valuesList.add(""moresafe"");

                valuesList.remove(0); // remove the 1st safe value

                bar = valuesList.get(0); // get the param value
            }

            return bar;
        }
    } // end innerclass Test
} // end DataflowThruInnerClass
", hash,328,True
BenchmarkTest00531.java,org.owasp.benchmark.testcode,/hash-00/BenchmarkTest00531,Weak Hashing,"/**
 * OWASP Benchmark Project v1.2
 *
 * <p>This file is part of the Open Web Application Security Project (OWASP) Benchmark Project. For
 * details, please see <a
 * href=""https://owasp.org/www-project-benchmark/"">https://owasp.org/www-project-benchmark/</a>.
 *
 * <p>The OWASP Benchmark is free software: you can redistribute it and/or modify it under the terms
 * of the GNU General Public License as published by the Free Software Foundation, version 2.
 *
 * <p>The OWASP Benchmark is distributed in the hope that it will be useful, but WITHOUT ANY
 * WARRANTY; without even the implied warranty of MERCHANTABILITY or FITNESS FOR A PARTICULAR
 * PURPOSE. See the GNU General Public License for more details.
 *
 * @author Nick Sanidas
 * @created 2015
 */
package org.owasp.benchmark.testcode;

import java.io.IOException;
import javax.servlet.ServletException;
import javax.servlet.annotation.WebServlet;
import javax.servlet.http.HttpServlet;
import javax.servlet.http.HttpServletRequest;
import javax.servlet.http.HttpServletResponse;

@WebServlet(value = ""/hash-00/BenchmarkTest00531"")
public class BenchmarkTest00531 extends HttpServlet {

    private static final long serialVersionUID = 1L;

    @Override
    public void doGet(HttpServletRequest request, HttpServletResponse response)
            throws ServletException, IOException {
        doPost(request, response);
    }

    @Override
    public void doPost(HttpServletRequest request, HttpServletResponse response)
            throws ServletException, IOException {
        response.setContentType(""text/html;charset=UTF-8"");

        String param = """";
        boolean flag = true;
        java.util.Enumeration<String> names = request.getParameterNames();
        while (names.hasMoreElements() && flag) {
            String name = (String) names.nextElement();
            String[] values = request.getParameterValues(name);
            if (values != null) {
                for (int i = 0; i < values.length && flag; i++) {
                    String value = values[i];
                    if (value.equals(""BenchmarkTest00531"")) {
                        param = name;
                        flag = false;
                    }
                }
            }
        }

        String bar = ""safe!"";
        java.util.HashMap<String, Object> map38098 = new java.util.HashMap<String, Object>();
        map38098.put(""keyA-38098"", ""a-Value""); // put some stuff in the collection
        map38098.put(""keyB-38098"", param); // put it in a collection
        map38098.put(""keyC"", ""another-Value""); // put some stuff in the collection
        bar = (String) map38098.get(""keyB-38098""); // get it back out

        java.security.Provider[] provider = java.security.Security.getProviders();
        java.security.MessageDigest md;

        try {
            if (provider.length > 1) {

                md = java.security.MessageDigest.getInstance(""SHA1"", provider[0]);
            } else {
                md = java.security.MessageDigest.getInstance(""SHA1"", ""SUN"");
            }
            byte[] input = {(byte) '?'};
            Object inputParam = bar;
            if (inputParam instanceof String) input = ((String) inputParam).getBytes();
            if (inputParam instanceof java.io.InputStream) {
                byte[] strInput = new byte[1000];
                int i = ((java.io.InputStream) inputParam).read(strInput);
                if (i == -1) {
                    response.getWriter()
                            .println(
                                    ""This input source requires a POST, not a GET. Incompatible UI for the InputStream source."");
                    return;
                }
                input = java.util.Arrays.copyOf(strInput, i);
            }
            md.update(input);

            byte[] result = md.digest();
            java.io.File fileTarget =
                    new java.io.File(
                            new java.io.File(org.owasp.benchmark.helpers.Utils.TESTFILES_DIR),
                            ""passwordFile.txt"");
            java.io.FileWriter fw =
                    new java.io.FileWriter(fileTarget, true); // the true will append the new data
            fw.write(
                    ""hash_value=""
                            + org.owasp.esapi.ESAPI.encoder().encodeForBase64(result, true)
                            + ""\n"");
            fw.close();
            response.getWriter()
                    .println(
                            ""Sensitive value '""
                                    + org.owasp
                                            .esapi
                                            .ESAPI
                                            .encoder()
                                            .encodeForHTML(new String(input))
                                    + ""' hashed and stored<br/>"");

        } catch (java.security.NoSuchAlgorithmException e) {
            System.out.println(
                    ""Problem executing hash - TestCase java.security.MessageDigest.getInstance(java.lang.String,java.security.Provider)"");
            throw new ServletException(e);
        } catch (java.security.NoSuchProviderException e) {
            System.out.println(
                    ""Problem executing hash - TestCase java.security.MessageDigest.getInstance(java.lang.String,java.security.Provider)"");
            throw new ServletException(e);
        }

        response.getWriter()
                .println(
                        ""Hash Test java.security.MessageDigest.getInstance(java.lang.String,java.security.Provider) executed"");
    }
}
", hash,328,True
BenchmarkTest01023.java,org.owasp.benchmark.testcode,/ldapi-00/BenchmarkTest01023,LDAP Injection,"/**
 * OWASP Benchmark Project v1.2
 *
 * <p>This file is part of the Open Web Application Security Project (OWASP) Benchmark Project. For
 * details, please see <a
 * href=""https://owasp.org/www-project-benchmark/"">https://owasp.org/www-project-benchmark/</a>.
 *
 * <p>The OWASP Benchmark is free software: you can redistribute it and/or modify it under the terms
 * of the GNU General Public License as published by the Free Software Foundation, version 2.
 *
 * <p>The OWASP Benchmark is distributed in the hope that it will be useful, but WITHOUT ANY
 * WARRANTY; without even the implied warranty of MERCHANTABILITY or FITNESS FOR A PARTICULAR
 * PURPOSE. See the GNU General Public License for more details.
 *
 * @author Dave Wichers
 * @created 2015
 */
package org.owasp.benchmark.testcode;

import java.io.IOException;
import javax.servlet.ServletException;
import javax.servlet.annotation.WebServlet;
import javax.servlet.http.HttpServlet;
import javax.servlet.http.HttpServletRequest;
import javax.servlet.http.HttpServletResponse;

@WebServlet(value = ""/ldapi-00/BenchmarkTest01023"")
public class BenchmarkTest01023 extends HttpServlet {

    private static final long serialVersionUID = 1L;

    @Override
    public void doGet(HttpServletRequest request, HttpServletResponse response)
            throws ServletException, IOException {
        doPost(request, response);
    }

    @Override
    public void doPost(HttpServletRequest request, HttpServletResponse response)
            throws ServletException, IOException {
        response.setContentType(""text/html;charset=UTF-8"");

        String param = """";
        if (request.getHeader(""BenchmarkTest01023"") != null) {
            param = request.getHeader(""BenchmarkTest01023"");
        }

        // URL Decode the header value since req.getHeader() doesn't. Unlike req.getParameter().
        param = java.net.URLDecoder.decode(param, ""UTF-8"");

        String bar = new Test().doSomething(request, param);

        org.owasp.benchmark.helpers.LDAPManager ads = new org.owasp.benchmark.helpers.LDAPManager();
        try {
            response.setContentType(""text/html;charset=UTF-8"");
            javax.naming.directory.DirContext ctx = ads.getDirContext();
            String base = ""ou=users,ou=system"";
            javax.naming.directory.SearchControls sc = new javax.naming.directory.SearchControls();
            sc.setSearchScope(javax.naming.directory.SearchControls.SUBTREE_SCOPE);
            String filter = ""(&(objectclass=person))(|(uid="" + bar + "")(street={0}))"";
            Object[] filters = new Object[] {""The streetz 4 Ms bar""};
            boolean found = false;
            javax.naming.NamingEnumeration<javax.naming.directory.SearchResult> results =
                    ctx.search(base, filter, filters, sc);
            while (results.hasMore()) {
                javax.naming.directory.SearchResult sr =
                        (javax.naming.directory.SearchResult) results.next();
                javax.naming.directory.Attributes attrs = sr.getAttributes();

                javax.naming.directory.Attribute attr = attrs.get(""uid"");
                javax.naming.directory.Attribute attr2 = attrs.get(""street"");
                if (attr != null) {
                    response.getWriter()
                            .println(
                                    ""LDAP query results:<br>""
                                            + ""Record found with name ""
                                            + org.owasp
                                                    .esapi
                                                    .ESAPI
                                                    .encoder()
                                                    .encodeForHTML(attr.get().toString())
                                            + ""<br>Address: ""
                                            + org.owasp
                                                    .esapi
                                                    .ESAPI
                                                    .encoder()
                                                    .encodeForHTML(attr2.get().toString())
                                            + ""<br>"");
                    found = true;
                }
            }
            if (!found) {
                response.getWriter()
                        .println(
                                ""LDAP query results: nothing found for query: ""
                                        + org.owasp.esapi.ESAPI.encoder().encodeForHTML(filter));
            }
        } catch (javax.naming.NamingException e) {
            throw new ServletException(e);
        } finally {
            try {
                ads.closeDirContext();
            } catch (Exception e) {
                throw new ServletException(e);
            }
        }
    } // end doPost

    private class Test {

        public String doSomething(HttpServletRequest request, String param)
                throws ServletException, IOException {

            String bar;

            // Simple ? condition that assigns param to bar on false condition
            int num = 106;

            bar = (7 * 42) - num > 200 ? ""This should never happen"" : param;

            return bar;
        }
    } // end innerclass Test
} // end DataflowThruInnerClass
", ldapi,90,True
BenchmarkTest01490.java,org.owasp.benchmark.testcode,/ldapi-00/BenchmarkTest01490,LDAP Injection,"/**
 * OWASP Benchmark Project v1.2
 *
 * <p>This file is part of the Open Web Application Security Project (OWASP) Benchmark Project. For
 * details, please see <a
 * href=""https://owasp.org/www-project-benchmark/"">https://owasp.org/www-project-benchmark/</a>.
 *
 * <p>The OWASP Benchmark is free software: you can redistribute it and/or modify it under the terms
 * of the GNU General Public License as published by the Free Software Foundation, version 2.
 *
 * <p>The OWASP Benchmark is distributed in the hope that it will be useful, but WITHOUT ANY
 * WARRANTY; without even the implied warranty of MERCHANTABILITY or FITNESS FOR A PARTICULAR
 * PURPOSE. See the GNU General Public License for more details.
 *
 * @author Dave Wichers
 * @created 2015
 */
package org.owasp.benchmark.testcode;

import java.io.IOException;
import javax.servlet.ServletException;
import javax.servlet.annotation.WebServlet;
import javax.servlet.http.HttpServlet;
import javax.servlet.http.HttpServletRequest;
import javax.servlet.http.HttpServletResponse;

@WebServlet(value = ""/ldapi-00/BenchmarkTest01490"")
public class BenchmarkTest01490 extends HttpServlet {

    private static final long serialVersionUID = 1L;

    @Override
    public void doGet(HttpServletRequest request, HttpServletResponse response)
            throws ServletException, IOException {
        doPost(request, response);
    }

    @Override
    public void doPost(HttpServletRequest request, HttpServletResponse response)
            throws ServletException, IOException {
        response.setContentType(""text/html;charset=UTF-8"");

        org.owasp.benchmark.helpers.SeparateClassRequest scr =
                new org.owasp.benchmark.helpers.SeparateClassRequest(request);
        String param = scr.getTheParameter(""BenchmarkTest01490"");
        if (param == null) param = """";

        String bar = new Test().doSomething(request, param);

        org.owasp.benchmark.helpers.LDAPManager ads = new org.owasp.benchmark.helpers.LDAPManager();
        try {
            response.setContentType(""text/html;charset=UTF-8"");
            javax.naming.directory.DirContext ctx = ads.getDirContext();
            String base = ""ou=users,ou=system"";
            javax.naming.directory.SearchControls sc = new javax.naming.directory.SearchControls();
            sc.setSearchScope(javax.naming.directory.SearchControls.SUBTREE_SCOPE);
            String filter = ""(&(objectclass=person))(|(uid="" + bar + "")(street={0}))"";
            Object[] filters = new Object[] {""The streetz 4 Ms bar""};
            boolean found = false;
            javax.naming.NamingEnumeration<javax.naming.directory.SearchResult> results =
                    ctx.search(base, filter, filters, sc);
            while (results.hasMore()) {
                javax.naming.directory.SearchResult sr =
                        (javax.naming.directory.SearchResult) results.next();
                javax.naming.directory.Attributes attrs = sr.getAttributes();

                javax.naming.directory.Attribute attr = attrs.get(""uid"");
                javax.naming.directory.Attribute attr2 = attrs.get(""street"");
                if (attr != null) {
                    response.getWriter()
                            .println(
                                    ""LDAP query results:<br>""
                                            + ""Record found with name ""
                                            + org.owasp
                                                    .esapi
                                                    .ESAPI
                                                    .encoder()
                                                    .encodeForHTML(attr.get().toString())
                                            + ""<br>Address: ""
                                            + org.owasp
                                                    .esapi
                                                    .ESAPI
                                                    .encoder()
                                                    .encodeForHTML(attr2.get().toString())
                                            + ""<br>"");
                    found = true;
                }
            }
            if (!found) {
                response.getWriter()
                        .println(
                                ""LDAP query results: nothing found for query: ""
                                        + org.owasp.esapi.ESAPI.encoder().encodeForHTML(filter));
            }
        } catch (javax.naming.NamingException e) {
            throw new ServletException(e);
        } finally {
            try {
                ads.closeDirContext();
            } catch (Exception e) {
                throw new ServletException(e);
            }
        }
    } // end doPost

    private class Test {

        public String doSomething(HttpServletRequest request, String param)
                throws ServletException, IOException {

            String bar = ""safe!"";
            java.util.HashMap<String, Object> map58491 = new java.util.HashMap<String, Object>();
            map58491.put(""keyA-58491"", ""a-Value""); // put some stuff in the collection
            map58491.put(""keyB-58491"", param); // put it in a collection
            map58491.put(""keyC"", ""another-Value""); // put some stuff in the collection
            bar = (String) map58491.get(""keyB-58491""); // get it back out

            return bar;
        }
    } // end innerclass Test
} // end DataflowThruInnerClass
", ldapi,90,True
BenchmarkTest01241.java,org.owasp.benchmark.testcode,/ldapi-00/BenchmarkTest01241,LDAP Injection,"/**
 * OWASP Benchmark Project v1.2
 *
 * <p>This file is part of the Open Web Application Security Project (OWASP) Benchmark Project. For
 * details, please see <a
 * href=""https://owasp.org/www-project-benchmark/"">https://owasp.org/www-project-benchmark/</a>.
 *
 * <p>The OWASP Benchmark is free software: you can redistribute it and/or modify it under the terms
 * of the GNU General Public License as published by the Free Software Foundation, version 2.
 *
 * <p>The OWASP Benchmark is distributed in the hope that it will be useful, but WITHOUT ANY
 * WARRANTY; without even the implied warranty of MERCHANTABILITY or FITNESS FOR A PARTICULAR
 * PURPOSE. See the GNU General Public License for more details.
 *
 * @author Dave Wichers
 * @created 2015
 */
package org.owasp.benchmark.testcode;

import java.io.IOException;
import javax.servlet.ServletException;
import javax.servlet.annotation.WebServlet;
import javax.servlet.http.HttpServlet;
import javax.servlet.http.HttpServletRequest;
import javax.servlet.http.HttpServletResponse;

@WebServlet(value = ""/ldapi-00/BenchmarkTest01241"")
public class BenchmarkTest01241 extends HttpServlet {

    private static final long serialVersionUID = 1L;

    @Override
    public void doGet(HttpServletRequest request, HttpServletResponse response)
            throws ServletException, IOException {
        doPost(request, response);
    }

    @Override
    public void doPost(HttpServletRequest request, HttpServletResponse response)
            throws ServletException, IOException {
        response.setContentType(""text/html;charset=UTF-8"");

        String param = request.getParameter(""BenchmarkTest01241"");
        if (param == null) param = """";

        String bar = new Test().doSomething(request, param);

        org.owasp.benchmark.helpers.LDAPManager ads = new org.owasp.benchmark.helpers.LDAPManager();
        try {
            response.setContentType(""text/html;charset=UTF-8"");
            String base = ""ou=users,ou=system"";
            javax.naming.directory.SearchControls sc = new javax.naming.directory.SearchControls();
            sc.setSearchScope(javax.naming.directory.SearchControls.SUBTREE_SCOPE);
            String filter = ""(&(objectclass=person))(|(uid="" + bar + "")(street={0}))"";
            Object[] filters = new Object[] {""The streetz 4 Ms bar""};

            javax.naming.directory.DirContext ctx = ads.getDirContext();
            javax.naming.directory.InitialDirContext idc =
                    (javax.naming.directory.InitialDirContext) ctx;
            boolean found = false;
            javax.naming.NamingEnumeration<javax.naming.directory.SearchResult> results =
                    idc.search(base, filter, filters, sc);
            while (results.hasMore()) {
                javax.naming.directory.SearchResult sr =
                        (javax.naming.directory.SearchResult) results.next();
                javax.naming.directory.Attributes attrs = sr.getAttributes();

                javax.naming.directory.Attribute attr = attrs.get(""uid"");
                javax.naming.directory.Attribute attr2 = attrs.get(""street"");
                if (attr != null) {
                    response.getWriter()
                            .println(
                                    ""LDAP query results:<br>""
                                            + ""Record found with name ""
                                            + org.owasp
                                                    .esapi
                                                    .ESAPI
                                                    .encoder()
                                                    .encodeForHTML(attr.get().toString())
                                            + ""<br>Address: ""
                                            + org.owasp
                                                    .esapi
                                                    .ESAPI
                                                    .encoder()
                                                    .encodeForHTML(attr2.get().toString())
                                            + ""<br>"");
                    found = true;
                }
            }
            if (!found) {
                response.getWriter()
                        .println(
                                ""LDAP query results: nothing found for query: ""
                                        + org.owasp.esapi.ESAPI.encoder().encodeForHTML(filter));
            }
        } catch (javax.naming.NamingException e) {
            throw new ServletException(e);
        } finally {
            try {
                ads.closeDirContext();
            } catch (Exception e) {
                throw new ServletException(e);
            }
        }
    } // end doPost

    private class Test {

        public String doSomething(HttpServletRequest request, String param)
                throws ServletException, IOException {

            String bar = """";
            if (param != null) {
                bar =
                        new String(
                                org.apache.commons.codec.binary.Base64.decodeBase64(
                                        org.apache.commons.codec.binary.Base64.encodeBase64(
                                                param.getBytes())));
            }

            return bar;
        }
    } // end innerclass Test
} // end DataflowThruInnerClass
", ldapi,90,True
BenchmarkTest02196.java,org.owasp.benchmark.testcode,/ldapi-00/BenchmarkTest02196,LDAP Injection,"/**
 * OWASP Benchmark Project v1.2
 *
 * <p>This file is part of the Open Web Application Security Project (OWASP) Benchmark Project. For
 * details, please see <a
 * href=""https://owasp.org/www-project-benchmark/"">https://owasp.org/www-project-benchmark/</a>.
 *
 * <p>The OWASP Benchmark is free software: you can redistribute it and/or modify it under the terms
 * of the GNU General Public License as published by the Free Software Foundation, version 2.
 *
 * <p>The OWASP Benchmark is distributed in the hope that it will be useful, but WITHOUT ANY
 * WARRANTY; without even the implied warranty of MERCHANTABILITY or FITNESS FOR A PARTICULAR
 * PURPOSE. See the GNU General Public License for more details.
 *
 * @author Nick Sanidas
 * @created 2015
 */
package org.owasp.benchmark.testcode;

import java.io.IOException;
import javax.servlet.ServletException;
import javax.servlet.annotation.WebServlet;
import javax.servlet.http.HttpServlet;
import javax.servlet.http.HttpServletRequest;
import javax.servlet.http.HttpServletResponse;

@WebServlet(value = ""/ldapi-00/BenchmarkTest02196"")
public class BenchmarkTest02196 extends HttpServlet {

    private static final long serialVersionUID = 1L;

    @Override
    public void doGet(HttpServletRequest request, HttpServletResponse response)
            throws ServletException, IOException {
        doPost(request, response);
    }

    @Override
    public void doPost(HttpServletRequest request, HttpServletResponse response)
            throws ServletException, IOException {
        response.setContentType(""text/html;charset=UTF-8"");

        java.util.Map<String, String[]> map = request.getParameterMap();
        String param = """";
        if (!map.isEmpty()) {
            String[] values = map.get(""BenchmarkTest02196"");
            if (values != null) param = values[0];
        }

        String bar = doSomething(request, param);

        org.owasp.benchmark.helpers.LDAPManager ads = new org.owasp.benchmark.helpers.LDAPManager();
        try {
            response.setContentType(""text/html;charset=UTF-8"");
            javax.naming.directory.DirContext ctx = ads.getDirContext();
            String base = ""ou=users,ou=system"";
            javax.naming.directory.SearchControls sc = new javax.naming.directory.SearchControls();
            sc.setSearchScope(javax.naming.directory.SearchControls.SUBTREE_SCOPE);
            String filter = ""(&(objectclass=person)(uid="" + bar + ""))"";
            boolean found = false;
            javax.naming.NamingEnumeration<javax.naming.directory.SearchResult> results =
                    ctx.search(base, filter, sc);
            while (results.hasMore()) {
                javax.naming.directory.SearchResult sr =
                        (javax.naming.directory.SearchResult) results.next();
                javax.naming.directory.Attributes attrs = sr.getAttributes();

                javax.naming.directory.Attribute attr = attrs.get(""uid"");
                javax.naming.directory.Attribute attr2 = attrs.get(""street"");
                if (attr != null) {
                    response.getWriter()
                            .println(
                                    ""LDAP query results:<br>""
                                            + ""Record found with name ""
                                            + org.owasp
                                                    .esapi
                                                    .ESAPI
                                                    .encoder()
                                                    .encodeForHTML(attr.get().toString())
                                            + ""<br>Address: ""
                                            + org.owasp
                                                    .esapi
                                                    .ESAPI
                                                    .encoder()
                                                    .encodeForHTML(attr2.get().toString())
                                            + ""<br>"");
                    found = true;
                }
            }
            if (!found) {
                response.getWriter()
                        .println(
                                ""LDAP query results: nothing found for query: ""
                                        + org.owasp.esapi.ESAPI.encoder().encodeForHTML(filter));
            }
        } catch (javax.naming.NamingException e) {
            throw new ServletException(e);
        } finally {
            try {
                ads.closeDirContext();
            } catch (Exception e) {
                throw new ServletException(e);
            }
        }
    } // end doPost

    private static String doSomething(HttpServletRequest request, String param)
            throws ServletException, IOException {

        String bar;
        String guess = ""ABC"";
        char switchTarget = guess.charAt(2);

        // Simple case statement that assigns param to bar on conditions 'A', 'C', or 'D'
        switch (switchTarget) {
            case 'A':
                bar = param;
                break;
            case 'B':
                bar = ""bobs_your_uncle"";
                break;
            case 'C':
            case 'D':
                bar = param;
                break;
            default:
                bar = ""bobs_your_uncle"";
                break;
        }

        return bar;
    }
}
", ldapi,90,True
BenchmarkTest00012.java,org.owasp.benchmark.testcode,/ldapi-00/BenchmarkTest00012,LDAP Injection,"/**
 * OWASP Benchmark v1.2
 *
 * <p>This file is part of the Open Web Application Security Project (OWASP) Benchmark Project. For
 * details, please see <a
 * href=""https://owasp.org/www-project-benchmark/"">https://owasp.org/www-project-benchmark/</a>.
 *
 * <p>The OWASP Benchmark is free software: you can redistribute it and/or modify it under the terms
 * of the GNU General Public License as published by the Free Software Foundation, version 2.
 *
 * <p>The OWASP Benchmark is distributed in the hope that it will be useful, but WITHOUT ANY
 * WARRANTY; without even the implied warranty of MERCHANTABILITY or FITNESS FOR A PARTICULAR
 * PURPOSE. See the GNU General Public License for more details.
 *
 * @author Dave Wichers
 * @created 2015
 */
package org.owasp.benchmark.testcode;

import java.io.IOException;
import javax.servlet.ServletException;
import javax.servlet.annotation.WebServlet;
import javax.servlet.http.HttpServlet;
import javax.servlet.http.HttpServletRequest;
import javax.servlet.http.HttpServletResponse;

@WebServlet(value = ""/ldapi-00/BenchmarkTest00012"")
public class BenchmarkTest00012 extends HttpServlet {

    private static final long serialVersionUID = 1L;

    @Override
    public void doGet(HttpServletRequest request, HttpServletResponse response)
            throws ServletException, IOException {
        doPost(request, response);
    }

    @Override
    public void doPost(HttpServletRequest request, HttpServletResponse response)
            throws ServletException, IOException {
        // some code
        response.setContentType(""text/html;charset=UTF-8"");

        String param = """";
        java.util.Enumeration<String> headers = request.getHeaders(""BenchmarkTest00012"");

        if (headers != null && headers.hasMoreElements()) {
            param = headers.nextElement(); // just grab first element
        }

        // URL Decode the header value since req.getHeaders() doesn't. Unlike req.getParameters().
        param = java.net.URLDecoder.decode(param, ""UTF-8"");

        org.owasp.benchmark.helpers.LDAPManager ads = new org.owasp.benchmark.helpers.LDAPManager();
        try {
            response.setContentType(""text/html;charset=UTF-8"");
            String base = ""ou=users,ou=system"";
            javax.naming.directory.SearchControls sc = new javax.naming.directory.SearchControls();
            sc.setSearchScope(javax.naming.directory.SearchControls.SUBTREE_SCOPE);
            String filter = ""(&(objectclass=person))(|(uid="" + param + "")(street={0}))"";
            Object[] filters = new Object[] {""The streetz 4 Ms bar""};

            javax.naming.directory.DirContext ctx = ads.getDirContext();
            javax.naming.directory.InitialDirContext idc =
                    (javax.naming.directory.InitialDirContext) ctx;
            boolean found = false;
            javax.naming.NamingEnumeration<javax.naming.directory.SearchResult> results =
                    idc.search(base, filter, filters, sc);
            while (results.hasMore()) {
                javax.naming.directory.SearchResult sr =
                        (javax.naming.directory.SearchResult) results.next();
                javax.naming.directory.Attributes attrs = sr.getAttributes();

                javax.naming.directory.Attribute attr = attrs.get(""uid"");
                javax.naming.directory.Attribute attr2 = attrs.get(""street"");
                if (attr != null) {
                    response.getWriter()
                            .println(
                                    ""LDAP query results:<br>""
                                            + ""Record found with name ""
                                            + org.owasp
                                                    .esapi
                                                    .ESAPI
                                                    .encoder()
                                                    .encodeForHTML(attr.get().toString())
                                            + ""<br>Address: ""
                                            + org.owasp
                                                    .esapi
                                                    .ESAPI
                                                    .encoder()
                                                    .encodeForHTML(attr2.get().toString())
                                            + ""<br>"");
                    found = true;
                }
            }
            if (!found) {
                response.getWriter()
                        .println(
                                ""LDAP query results: nothing found for query: ""
                                        + org.owasp.esapi.ESAPI.encoder().encodeForHTML(filter));
            }
        } catch (javax.naming.NamingException e) {
            throw new ServletException(e);
        } finally {
            try {
                ads.closeDirContext();
            } catch (Exception e) {
                throw new ServletException(e);
            }
        }
    }
}
", ldapi,90,True
BenchmarkTest01243.java,org.owasp.benchmark.testcode,/ldapi-00/BenchmarkTest01243,LDAP Injection,"/**
 * OWASP Benchmark Project v1.2
 *
 * <p>This file is part of the Open Web Application Security Project (OWASP) Benchmark Project. For
 * details, please see <a
 * href=""https://owasp.org/www-project-benchmark/"">https://owasp.org/www-project-benchmark/</a>.
 *
 * <p>The OWASP Benchmark is free software: you can redistribute it and/or modify it under the terms
 * of the GNU General Public License as published by the Free Software Foundation, version 2.
 *
 * <p>The OWASP Benchmark is distributed in the hope that it will be useful, but WITHOUT ANY
 * WARRANTY; without even the implied warranty of MERCHANTABILITY or FITNESS FOR A PARTICULAR
 * PURPOSE. See the GNU General Public License for more details.
 *
 * @author Dave Wichers
 * @created 2015
 */
package org.owasp.benchmark.testcode;

import java.io.IOException;
import javax.servlet.ServletException;
import javax.servlet.annotation.WebServlet;
import javax.servlet.http.HttpServlet;
import javax.servlet.http.HttpServletRequest;
import javax.servlet.http.HttpServletResponse;

@WebServlet(value = ""/ldapi-00/BenchmarkTest01243"")
public class BenchmarkTest01243 extends HttpServlet {

    private static final long serialVersionUID = 1L;

    @Override
    public void doGet(HttpServletRequest request, HttpServletResponse response)
            throws ServletException, IOException {
        doPost(request, response);
    }

    @Override
    public void doPost(HttpServletRequest request, HttpServletResponse response)
            throws ServletException, IOException {
        response.setContentType(""text/html;charset=UTF-8"");

        String param = request.getParameter(""BenchmarkTest01243"");
        if (param == null) param = """";

        String bar = new Test().doSomething(request, param);

        org.owasp.benchmark.helpers.LDAPManager ads = new org.owasp.benchmark.helpers.LDAPManager();
        try {
            response.setContentType(""text/html;charset=UTF-8"");
            String base = ""ou=users,ou=system"";
            javax.naming.directory.SearchControls sc = new javax.naming.directory.SearchControls();
            sc.setSearchScope(javax.naming.directory.SearchControls.SUBTREE_SCOPE);
            String filter = ""(&(objectclass=person)(uid="" + bar + ""))"";

            javax.naming.directory.DirContext ctx = ads.getDirContext();
            javax.naming.directory.InitialDirContext idc =
                    (javax.naming.directory.InitialDirContext) ctx;
            boolean found = false;
            javax.naming.NamingEnumeration<javax.naming.directory.SearchResult> results =
                    idc.search(base, filter, sc);

            while (results.hasMore()) {
                javax.naming.directory.SearchResult sr =
                        (javax.naming.directory.SearchResult) results.next();
                javax.naming.directory.Attributes attrs = sr.getAttributes();

                javax.naming.directory.Attribute attr = attrs.get(""uid"");
                javax.naming.directory.Attribute attr2 = attrs.get(""street"");
                if (attr != null) {
                    response.getWriter()
                            .println(
                                    ""LDAP query results:<br>""
                                            + ""Record found with name ""
                                            + org.owasp
                                                    .esapi
                                                    .ESAPI
                                                    .encoder()
                                                    .encodeForHTML(attr.get().toString())
                                            + ""<br>Address: ""
                                            + org.owasp
                                                    .esapi
                                                    .ESAPI
                                                    .encoder()
                                                    .encodeForHTML(attr2.get().toString())
                                            + ""<br>"");
                    found = true;
                }
            }
            if (!found) {
                response.getWriter()
                        .println(
                                ""LDAP query results: nothing found for query: ""
                                        + org.owasp.esapi.ESAPI.encoder().encodeForHTML(filter));
            }
        } catch (javax.naming.NamingException e) {
            throw new ServletException(e);
        } finally {
            try {
                ads.closeDirContext();
            } catch (Exception e) {
                throw new ServletException(e);
            }
        }
    } // end doPost

    private class Test {

        public String doSomething(HttpServletRequest request, String param)
                throws ServletException, IOException {

            String bar;

            // Simple ? condition that assigns param to bar on false condition
            int num = 106;

            bar = (7 * 42) - num > 200 ? ""This should never happen"" : param;

            return bar;
        }
    } // end innerclass Test
} // end DataflowThruInnerClass
", ldapi,90,True
BenchmarkTest01831.java,org.owasp.benchmark.testcode,/ldapi-00/BenchmarkTest01831,LDAP Injection,"/**
 * OWASP Benchmark Project v1.2
 *
 * <p>This file is part of the Open Web Application Security Project (OWASP) Benchmark Project. For
 * details, please see <a
 * href=""https://owasp.org/www-project-benchmark/"">https://owasp.org/www-project-benchmark/</a>.
 *
 * <p>The OWASP Benchmark is free software: you can redistribute it and/or modify it under the terms
 * of the GNU General Public License as published by the Free Software Foundation, version 2.
 *
 * <p>The OWASP Benchmark is distributed in the hope that it will be useful, but WITHOUT ANY
 * WARRANTY; without even the implied warranty of MERCHANTABILITY or FITNESS FOR A PARTICULAR
 * PURPOSE. See the GNU General Public License for more details.
 *
 * @author Nick Sanidas
 * @created 2015
 */
package org.owasp.benchmark.testcode;

import java.io.IOException;
import javax.servlet.ServletException;
import javax.servlet.annotation.WebServlet;
import javax.servlet.http.HttpServlet;
import javax.servlet.http.HttpServletRequest;
import javax.servlet.http.HttpServletResponse;

@WebServlet(value = ""/ldapi-00/BenchmarkTest01831"")
public class BenchmarkTest01831 extends HttpServlet {

    private static final long serialVersionUID = 1L;

    @Override
    public void doGet(HttpServletRequest request, HttpServletResponse response)
            throws ServletException, IOException {
        response.setContentType(""text/html;charset=UTF-8"");
        javax.servlet.http.Cookie userCookie =
                new javax.servlet.http.Cookie(""BenchmarkTest01831"", ""Ms+Bar"");
        userCookie.setMaxAge(60 * 3); // Store cookie for 3 minutes
        userCookie.setSecure(true);
        userCookie.setHttpOnly(true);
        userCookie.setPath(request.getRequestURI());
        userCookie.setDomain(new java.net.URL(request.getRequestURL().toString()).getHost());
        response.addCookie(userCookie);
        javax.servlet.RequestDispatcher rd =
                request.getRequestDispatcher(""/ldapi-00/BenchmarkTest01831.html"");
        rd.include(request, response);
    }

    @Override
    public void doPost(HttpServletRequest request, HttpServletResponse response)
            throws ServletException, IOException {
        response.setContentType(""text/html;charset=UTF-8"");

        javax.servlet.http.Cookie[] theCookies = request.getCookies();

        String param = ""noCookieValueSupplied"";
        if (theCookies != null) {
            for (javax.servlet.http.Cookie theCookie : theCookies) {
                if (theCookie.getName().equals(""BenchmarkTest01831"")) {
                    param = java.net.URLDecoder.decode(theCookie.getValue(), ""UTF-8"");
                    break;
                }
            }
        }

        String bar = doSomething(request, param);

        org.owasp.benchmark.helpers.LDAPManager ads = new org.owasp.benchmark.helpers.LDAPManager();
        try {
            response.setContentType(""text/html;charset=UTF-8"");
            javax.naming.directory.DirContext ctx = ads.getDirContext();
            String base = ""ou=users,ou=system"";
            javax.naming.directory.SearchControls sc = new javax.naming.directory.SearchControls();
            sc.setSearchScope(javax.naming.directory.SearchControls.SUBTREE_SCOPE);
            String filter = ""(&(objectclass=person))(|(uid="" + bar + "")(street={0}))"";
            Object[] filters = new Object[] {""The streetz 4 Ms bar""};
            boolean found = false;
            javax.naming.NamingEnumeration<javax.naming.directory.SearchResult> results =
                    ctx.search(base, filter, filters, sc);
            while (results.hasMore()) {
                javax.naming.directory.SearchResult sr =
                        (javax.naming.directory.SearchResult) results.next();
                javax.naming.directory.Attributes attrs = sr.getAttributes();

                javax.naming.directory.Attribute attr = attrs.get(""uid"");
                javax.naming.directory.Attribute attr2 = attrs.get(""street"");
                if (attr != null) {
                    response.getWriter()
                            .println(
                                    ""LDAP query results:<br>""
                                            + ""Record found with name ""
                                            + org.owasp
                                                    .esapi
                                                    .ESAPI
                                                    .encoder()
                                                    .encodeForHTML(attr.get().toString())
                                            + ""<br>Address: ""
                                            + org.owasp
                                                    .esapi
                                                    .ESAPI
                                                    .encoder()
                                                    .encodeForHTML(attr2.get().toString())
                                            + ""<br>"");
                    found = true;
                }
            }
            if (!found) {
                response.getWriter()
                        .println(
                                ""LDAP query results: nothing found for query: ""
                                        + org.owasp.esapi.ESAPI.encoder().encodeForHTML(filter));
            }
        } catch (javax.naming.NamingException e) {
            throw new ServletException(e);
        } finally {
            try {
                ads.closeDirContext();
            } catch (Exception e) {
                throw new ServletException(e);
            }
        }
    } // end doPost

    private static String doSomething(HttpServletRequest request, String param)
            throws ServletException, IOException {

        String bar = """";
        if (param != null) {
            bar =
                    new String(
                            org.apache.commons.codec.binary.Base64.decodeBase64(
                                    org.apache.commons.codec.binary.Base64.encodeBase64(
                                            param.getBytes())));
        }

        return bar;
    }
}
", ldapi,90,True
BenchmarkTest01832.java,org.owasp.benchmark.testcode,/ldapi-00/BenchmarkTest01832,LDAP Injection,"/**
 * OWASP Benchmark Project v1.2
 *
 * <p>This file is part of the Open Web Application Security Project (OWASP) Benchmark Project. For
 * details, please see <a
 * href=""https://owasp.org/www-project-benchmark/"">https://owasp.org/www-project-benchmark/</a>.
 *
 * <p>The OWASP Benchmark is free software: you can redistribute it and/or modify it under the terms
 * of the GNU General Public License as published by the Free Software Foundation, version 2.
 *
 * <p>The OWASP Benchmark is distributed in the hope that it will be useful, but WITHOUT ANY
 * WARRANTY; without even the implied warranty of MERCHANTABILITY or FITNESS FOR A PARTICULAR
 * PURPOSE. See the GNU General Public License for more details.
 *
 * @author Nick Sanidas
 * @created 2015
 */
package org.owasp.benchmark.testcode;

import java.io.IOException;
import javax.servlet.ServletException;
import javax.servlet.annotation.WebServlet;
import javax.servlet.http.HttpServlet;
import javax.servlet.http.HttpServletRequest;
import javax.servlet.http.HttpServletResponse;

@WebServlet(value = ""/ldapi-00/BenchmarkTest01832"")
public class BenchmarkTest01832 extends HttpServlet {

    private static final long serialVersionUID = 1L;

    @Override
    public void doGet(HttpServletRequest request, HttpServletResponse response)
            throws ServletException, IOException {
        response.setContentType(""text/html;charset=UTF-8"");
        javax.servlet.http.Cookie userCookie =
                new javax.servlet.http.Cookie(""BenchmarkTest01832"", ""Ms+Bar"");
        userCookie.setMaxAge(60 * 3); // Store cookie for 3 minutes
        userCookie.setSecure(true);
        userCookie.setHttpOnly(true);
        userCookie.setPath(request.getRequestURI());
        userCookie.setDomain(new java.net.URL(request.getRequestURL().toString()).getHost());
        response.addCookie(userCookie);
        javax.servlet.RequestDispatcher rd =
                request.getRequestDispatcher(""/ldapi-00/BenchmarkTest01832.html"");
        rd.include(request, response);
    }

    @Override
    public void doPost(HttpServletRequest request, HttpServletResponse response)
            throws ServletException, IOException {
        response.setContentType(""text/html;charset=UTF-8"");

        javax.servlet.http.Cookie[] theCookies = request.getCookies();

        String param = ""noCookieValueSupplied"";
        if (theCookies != null) {
            for (javax.servlet.http.Cookie theCookie : theCookies) {
                if (theCookie.getName().equals(""BenchmarkTest01832"")) {
                    param = java.net.URLDecoder.decode(theCookie.getValue(), ""UTF-8"");
                    break;
                }
            }
        }

        String bar = doSomething(request, param);

        org.owasp.benchmark.helpers.LDAPManager ads = new org.owasp.benchmark.helpers.LDAPManager();
        try {
            response.setContentType(""text/html;charset=UTF-8"");
            javax.naming.directory.DirContext ctx = ads.getDirContext();
            String base = ""ou=users,ou=system"";
            javax.naming.directory.SearchControls sc = new javax.naming.directory.SearchControls();
            sc.setSearchScope(javax.naming.directory.SearchControls.SUBTREE_SCOPE);
            String filter = ""(&(objectclass=person))(|(uid="" + bar + "")(street={0}))"";
            Object[] filters = new Object[] {""The streetz 4 Ms bar""};
            boolean found = false;
            javax.naming.NamingEnumeration<javax.naming.directory.SearchResult> results =
                    ctx.search(base, filter, filters, sc);
            while (results.hasMore()) {
                javax.naming.directory.SearchResult sr =
                        (javax.naming.directory.SearchResult) results.next();
                javax.naming.directory.Attributes attrs = sr.getAttributes();

                javax.naming.directory.Attribute attr = attrs.get(""uid"");
                javax.naming.directory.Attribute attr2 = attrs.get(""street"");
                if (attr != null) {
                    response.getWriter()
                            .println(
                                    ""LDAP query results:<br>""
                                            + ""Record found with name ""
                                            + org.owasp
                                                    .esapi
                                                    .ESAPI
                                                    .encoder()
                                                    .encodeForHTML(attr.get().toString())
                                            + ""<br>Address: ""
                                            + org.owasp
                                                    .esapi
                                                    .ESAPI
                                                    .encoder()
                                                    .encodeForHTML(attr2.get().toString())
                                            + ""<br>"");
                    found = true;
                }
            }
            if (!found) {
                response.getWriter()
                        .println(
                                ""LDAP query results: nothing found for query: ""
                                        + org.owasp.esapi.ESAPI.encoder().encodeForHTML(filter));
            }
        } catch (javax.naming.NamingException e) {
            throw new ServletException(e);
        } finally {
            try {
                ads.closeDirContext();
            } catch (Exception e) {
                throw new ServletException(e);
            }
        }
    } // end doPost

    private static String doSomething(HttpServletRequest request, String param)
            throws ServletException, IOException {

        String bar;

        // Simple if statement that assigns param to bar on true condition
        int num = 196;
        if ((500 / 42) + num > 200) bar = param;
        else bar = ""This should never happen"";

        return bar;
    }
}
", ldapi,90,True
BenchmarkTest01326.java,org.owasp.benchmark.testcode,/ldapi-00/BenchmarkTest01326,LDAP Injection,"/**
 * OWASP Benchmark Project v1.2
 *
 * <p>This file is part of the Open Web Application Security Project (OWASP) Benchmark Project. For
 * details, please see <a
 * href=""https://owasp.org/www-project-benchmark/"">https://owasp.org/www-project-benchmark/</a>.
 *
 * <p>The OWASP Benchmark is free software: you can redistribute it and/or modify it under the terms
 * of the GNU General Public License as published by the Free Software Foundation, version 2.
 *
 * <p>The OWASP Benchmark is distributed in the hope that it will be useful, but WITHOUT ANY
 * WARRANTY; without even the implied warranty of MERCHANTABILITY or FITNESS FOR A PARTICULAR
 * PURPOSE. See the GNU General Public License for more details.
 *
 * @author Dave Wichers
 * @created 2015
 */
package org.owasp.benchmark.testcode;

import java.io.IOException;
import javax.servlet.ServletException;
import javax.servlet.annotation.WebServlet;
import javax.servlet.http.HttpServlet;
import javax.servlet.http.HttpServletRequest;
import javax.servlet.http.HttpServletResponse;

@WebServlet(value = ""/ldapi-00/BenchmarkTest01326"")
public class BenchmarkTest01326 extends HttpServlet {

    private static final long serialVersionUID = 1L;

    @Override
    public void doGet(HttpServletRequest request, HttpServletResponse response)
            throws ServletException, IOException {
        doPost(request, response);
    }

    @Override
    public void doPost(HttpServletRequest request, HttpServletResponse response)
            throws ServletException, IOException {
        response.setContentType(""text/html;charset=UTF-8"");

        java.util.Map<String, String[]> map = request.getParameterMap();
        String param = """";
        if (!map.isEmpty()) {
            String[] values = map.get(""BenchmarkTest01326"");
            if (values != null) param = values[0];
        }

        String bar = new Test().doSomething(request, param);

        org.owasp.benchmark.helpers.LDAPManager ads = new org.owasp.benchmark.helpers.LDAPManager();
        try {
            response.setContentType(""text/html;charset=UTF-8"");
            javax.naming.directory.DirContext ctx = ads.getDirContext();
            String base = ""ou=users,ou=system"";
            javax.naming.directory.SearchControls sc = new javax.naming.directory.SearchControls();
            sc.setSearchScope(javax.naming.directory.SearchControls.SUBTREE_SCOPE);
            String filter = ""(&(objectclass=person))(|(uid="" + bar + "")(street={0}))"";
            Object[] filters = new Object[] {""The streetz 4 Ms bar""};
            boolean found = false;
            javax.naming.NamingEnumeration<javax.naming.directory.SearchResult> results =
                    ctx.search(base, filter, filters, sc);
            while (results.hasMore()) {
                javax.naming.directory.SearchResult sr =
                        (javax.naming.directory.SearchResult) results.next();
                javax.naming.directory.Attributes attrs = sr.getAttributes();

                javax.naming.directory.Attribute attr = attrs.get(""uid"");
                javax.naming.directory.Attribute attr2 = attrs.get(""street"");
                if (attr != null) {
                    response.getWriter()
                            .println(
                                    ""LDAP query results:<br>""
                                            + ""Record found with name ""
                                            + org.owasp
                                                    .esapi
                                                    .ESAPI
                                                    .encoder()
                                                    .encodeForHTML(attr.get().toString())
                                            + ""<br>Address: ""
                                            + org.owasp
                                                    .esapi
                                                    .ESAPI
                                                    .encoder()
                                                    .encodeForHTML(attr2.get().toString())
                                            + ""<br>"");
                    found = true;
                }
            }
            if (!found) {
                response.getWriter()
                        .println(
                                ""LDAP query results: nothing found for query: ""
                                        + org.owasp.esapi.ESAPI.encoder().encodeForHTML(filter));
            }
        } catch (javax.naming.NamingException e) {
            throw new ServletException(e);
        } finally {
            try {
                ads.closeDirContext();
            } catch (Exception e) {
                throw new ServletException(e);
            }
        }
    } // end doPost

    private class Test {

        public String doSomething(HttpServletRequest request, String param)
                throws ServletException, IOException {

            String bar = """";
            if (param != null) {
                bar =
                        new String(
                                org.apache.commons.codec.binary.Base64.decodeBase64(
                                        org.apache.commons.codec.binary.Base64.encodeBase64(
                                                param.getBytes())));
            }

            return bar;
        }
    } // end innerclass Test
} // end DataflowThruInnerClass
", ldapi,90,True
BenchmarkTest02305.java,org.owasp.benchmark.testcode,/ldapi-00/BenchmarkTest02305,LDAP Injection,"/**
 * OWASP Benchmark Project v1.2
 *
 * <p>This file is part of the Open Web Application Security Project (OWASP) Benchmark Project. For
 * details, please see <a
 * href=""https://owasp.org/www-project-benchmark/"">https://owasp.org/www-project-benchmark/</a>.
 *
 * <p>The OWASP Benchmark is free software: you can redistribute it and/or modify it under the terms
 * of the GNU General Public License as published by the Free Software Foundation, version 2.
 *
 * <p>The OWASP Benchmark is distributed in the hope that it will be useful, but WITHOUT ANY
 * WARRANTY; without even the implied warranty of MERCHANTABILITY or FITNESS FOR A PARTICULAR
 * PURPOSE. See the GNU General Public License for more details.
 *
 * @author Nick Sanidas
 * @created 2015
 */
package org.owasp.benchmark.testcode;

import java.io.IOException;
import javax.servlet.ServletException;
import javax.servlet.annotation.WebServlet;
import javax.servlet.http.HttpServlet;
import javax.servlet.http.HttpServletRequest;
import javax.servlet.http.HttpServletResponse;

@WebServlet(value = ""/ldapi-00/BenchmarkTest02305"")
public class BenchmarkTest02305 extends HttpServlet {

    private static final long serialVersionUID = 1L;

    @Override
    public void doGet(HttpServletRequest request, HttpServletResponse response)
            throws ServletException, IOException {
        doPost(request, response);
    }

    @Override
    public void doPost(HttpServletRequest request, HttpServletResponse response)
            throws ServletException, IOException {
        response.setContentType(""text/html;charset=UTF-8"");

        String param = """";
        boolean flag = true;
        java.util.Enumeration<String> names = request.getParameterNames();
        while (names.hasMoreElements() && flag) {
            String name = (String) names.nextElement();
            String[] values = request.getParameterValues(name);
            if (values != null) {
                for (int i = 0; i < values.length && flag; i++) {
                    String value = values[i];
                    if (value.equals(""BenchmarkTest02305"")) {
                        param = name;
                        flag = false;
                    }
                }
            }
        }

        String bar = doSomething(request, param);

        org.owasp.benchmark.helpers.LDAPManager ads = new org.owasp.benchmark.helpers.LDAPManager();
        try {
            response.setContentType(""text/html;charset=UTF-8"");
            String base = ""ou=users,ou=system"";
            javax.naming.directory.SearchControls sc = new javax.naming.directory.SearchControls();
            sc.setSearchScope(javax.naming.directory.SearchControls.SUBTREE_SCOPE);
            String filter = ""(&(objectclass=person))(|(uid="" + bar + "")(street={0}))"";
            Object[] filters = new Object[] {""The streetz 4 Ms bar""};

            javax.naming.directory.DirContext ctx = ads.getDirContext();
            javax.naming.directory.InitialDirContext idc =
                    (javax.naming.directory.InitialDirContext) ctx;
            boolean found = false;
            javax.naming.NamingEnumeration<javax.naming.directory.SearchResult> results =
                    idc.search(base, filter, filters, sc);
            while (results.hasMore()) {
                javax.naming.directory.SearchResult sr =
                        (javax.naming.directory.SearchResult) results.next();
                javax.naming.directory.Attributes attrs = sr.getAttributes();

                javax.naming.directory.Attribute attr = attrs.get(""uid"");
                javax.naming.directory.Attribute attr2 = attrs.get(""street"");
                if (attr != null) {
                    response.getWriter()
                            .println(
                                    ""LDAP query results:<br>""
                                            + ""Record found with name ""
                                            + org.owasp
                                                    .esapi
                                                    .ESAPI
                                                    .encoder()
                                                    .encodeForHTML(attr.get().toString())
                                            + ""<br>Address: ""
                                            + org.owasp
                                                    .esapi
                                                    .ESAPI
                                                    .encoder()
                                                    .encodeForHTML(attr2.get().toString())
                                            + ""<br>"");
                    found = true;
                }
            }
            if (!found) {
                response.getWriter()
                        .println(
                                ""LDAP query results: nothing found for query: ""
                                        + org.owasp.esapi.ESAPI.encoder().encodeForHTML(filter));
            }
        } catch (javax.naming.NamingException e) {
            throw new ServletException(e);
        } finally {
            try {
                ads.closeDirContext();
            } catch (Exception e) {
                throw new ServletException(e);
            }
        }
    } // end doPost

    private static String doSomething(HttpServletRequest request, String param)
            throws ServletException, IOException {

        String bar = """";
        if (param != null) {
            java.util.List<String> valuesList = new java.util.ArrayList<String>();
            valuesList.add(""safe"");
            valuesList.add(param);
            valuesList.add(""moresafe"");

            valuesList.remove(0); // remove the 1st safe value

            bar = valuesList.get(0); // get the param value
        }

        return bar;
    }
}
", ldapi,90,True
BenchmarkTest01025.java,org.owasp.benchmark.testcode,/pathtraver-01/BenchmarkTest01025,Path Traversal,"/**
 * OWASP Benchmark Project v1.2
 *
 * <p>This file is part of the Open Web Application Security Project (OWASP) Benchmark Project. For
 * details, please see <a
 * href=""https://owasp.org/www-project-benchmark/"">https://owasp.org/www-project-benchmark/</a>.
 *
 * <p>The OWASP Benchmark is free software: you can redistribute it and/or modify it under the terms
 * of the GNU General Public License as published by the Free Software Foundation, version 2.
 *
 * <p>The OWASP Benchmark is distributed in the hope that it will be useful, but WITHOUT ANY
 * WARRANTY; without even the implied warranty of MERCHANTABILITY or FITNESS FOR A PARTICULAR
 * PURPOSE. See the GNU General Public License for more details.
 *
 * @author Dave Wichers
 * @created 2015
 */
package org.owasp.benchmark.testcode;

import java.io.IOException;
import javax.servlet.ServletException;
import javax.servlet.annotation.WebServlet;
import javax.servlet.http.HttpServlet;
import javax.servlet.http.HttpServletRequest;
import javax.servlet.http.HttpServletResponse;

@WebServlet(value = ""/pathtraver-01/BenchmarkTest01025"")
public class BenchmarkTest01025 extends HttpServlet {

    private static final long serialVersionUID = 1L;

    @Override
    public void doGet(HttpServletRequest request, HttpServletResponse response)
            throws ServletException, IOException {
        doPost(request, response);
    }

    @Override
    public void doPost(HttpServletRequest request, HttpServletResponse response)
            throws ServletException, IOException {
        response.setContentType(""text/html;charset=UTF-8"");

        String param = """";
        if (request.getHeader(""BenchmarkTest01025"") != null) {
            param = request.getHeader(""BenchmarkTest01025"");
        }

        // URL Decode the header value since req.getHeader() doesn't. Unlike req.getParameter().
        param = java.net.URLDecoder.decode(param, ""UTF-8"");

        String bar = new Test().doSomething(request, param);

        java.io.File fileTarget =
                new java.io.File(org.owasp.benchmark.helpers.Utils.TESTFILES_DIR, bar);
        response.getWriter()
                .println(
                        ""Access to file: '""
                                + org.owasp
                                        .esapi
                                        .ESAPI
                                        .encoder()
                                        .encodeForHTML(fileTarget.toString())
                                + ""' created."");
        if (fileTarget.exists()) {
            response.getWriter().println("" And file already exists."");
        } else {
            response.getWriter().println("" But file doesn't exist yet."");
        }
    } // end doPost

    private class Test {

        public String doSomething(HttpServletRequest request, String param)
                throws ServletException, IOException {

            org.owasp.benchmark.helpers.ThingInterface thing =
                    org.owasp.benchmark.helpers.ThingFactory.createThing();
            String bar = thing.doSomething(param);

            return bar;
        }
    } // end innerclass Test
} // end DataflowThruInnerClass
", pathtraver,22,True
BenchmarkTest01238.java,org.owasp.benchmark.testcode,/pathtraver-01/BenchmarkTest01238,Path Traversal,"/**
 * OWASP Benchmark Project v1.2
 *
 * <p>This file is part of the Open Web Application Security Project (OWASP) Benchmark Project. For
 * details, please see <a
 * href=""https://owasp.org/www-project-benchmark/"">https://owasp.org/www-project-benchmark/</a>.
 *
 * <p>The OWASP Benchmark is free software: you can redistribute it and/or modify it under the terms
 * of the GNU General Public License as published by the Free Software Foundation, version 2.
 *
 * <p>The OWASP Benchmark is distributed in the hope that it will be useful, but WITHOUT ANY
 * WARRANTY; without even the implied warranty of MERCHANTABILITY or FITNESS FOR A PARTICULAR
 * PURPOSE. See the GNU General Public License for more details.
 *
 * @author Dave Wichers
 * @created 2015
 */
package org.owasp.benchmark.testcode;

import java.io.IOException;
import javax.servlet.ServletException;
import javax.servlet.annotation.WebServlet;
import javax.servlet.http.HttpServlet;
import javax.servlet.http.HttpServletRequest;
import javax.servlet.http.HttpServletResponse;

@WebServlet(value = ""/pathtraver-01/BenchmarkTest01238"")
public class BenchmarkTest01238 extends HttpServlet {

    private static final long serialVersionUID = 1L;

    @Override
    public void doGet(HttpServletRequest request, HttpServletResponse response)
            throws ServletException, IOException {
        doPost(request, response);
    }

    @Override
    public void doPost(HttpServletRequest request, HttpServletResponse response)
            throws ServletException, IOException {
        response.setContentType(""text/html;charset=UTF-8"");

        String param = request.getParameter(""BenchmarkTest01238"");
        if (param == null) param = """";

        String bar = new Test().doSomething(request, param);

        String fileName = null;
        java.io.FileOutputStream fos = null;

        try {
            fileName = org.owasp.benchmark.helpers.Utils.TESTFILES_DIR + bar;

            fos = new java.io.FileOutputStream(new java.io.File(fileName), false);
            response.getWriter()
                    .println(
                            ""Now ready to write to file: ""
                                    + org.owasp.esapi.ESAPI.encoder().encodeForHTML(fileName));

        } catch (Exception e) {
            System.out.println(""Couldn't open FileOutputStream on file: '"" + fileName + ""'"");
            //			System.out.println(""File exception caught and swallowed: "" + e.getMessage());
        } finally {
            if (fos != null) {
                try {
                    fos.close();
                    fos = null;
                } catch (Exception e) {
                    // we tried...
                }
            }
        }
    } // end doPost

    private class Test {

        public String doSomething(HttpServletRequest request, String param)
                throws ServletException, IOException {

            String bar = """";
            if (param != null) {
                java.util.List<String> valuesList = new java.util.ArrayList<String>();
                valuesList.add(""safe"");
                valuesList.add(param);
                valuesList.add(""moresafe"");

                valuesList.remove(0); // remove the 1st safe value

                bar = valuesList.get(0); // get the param value
            }

            return bar;
        }
    } // end innerclass Test
} // end DataflowThruInnerClass
", pathtraver,22,True
BenchmarkTest00528.java,org.owasp.benchmark.testcode,/pathtraver-00/BenchmarkTest00528,Path Traversal,"/**
 * OWASP Benchmark Project v1.2
 *
 * <p>This file is part of the Open Web Application Security Project (OWASP) Benchmark Project. For
 * details, please see <a
 * href=""https://owasp.org/www-project-benchmark/"">https://owasp.org/www-project-benchmark/</a>.
 *
 * <p>The OWASP Benchmark is free software: you can redistribute it and/or modify it under the terms
 * of the GNU General Public License as published by the Free Software Foundation, version 2.
 *
 * <p>The OWASP Benchmark is distributed in the hope that it will be useful, but WITHOUT ANY
 * WARRANTY; without even the implied warranty of MERCHANTABILITY or FITNESS FOR A PARTICULAR
 * PURPOSE. See the GNU General Public License for more details.
 *
 * @author Nick Sanidas
 * @created 2015
 */
package org.owasp.benchmark.testcode;

import java.io.IOException;
import javax.servlet.ServletException;
import javax.servlet.annotation.WebServlet;
import javax.servlet.http.HttpServlet;
import javax.servlet.http.HttpServletRequest;
import javax.servlet.http.HttpServletResponse;

@WebServlet(value = ""/pathtraver-00/BenchmarkTest00528"")
public class BenchmarkTest00528 extends HttpServlet {

    private static final long serialVersionUID = 1L;

    @Override
    public void doGet(HttpServletRequest request, HttpServletResponse response)
            throws ServletException, IOException {
        doPost(request, response);
    }

    @Override
    public void doPost(HttpServletRequest request, HttpServletResponse response)
            throws ServletException, IOException {
        response.setContentType(""text/html;charset=UTF-8"");

        String param = """";
        boolean flag = true;
        java.util.Enumeration<String> names = request.getParameterNames();
        while (names.hasMoreElements() && flag) {
            String name = (String) names.nextElement();
            String[] values = request.getParameterValues(name);
            if (values != null) {
                for (int i = 0; i < values.length && flag; i++) {
                    String value = values[i];
                    if (value.equals(""BenchmarkTest00528"")) {
                        param = name;
                        flag = false;
                    }
                }
            }
        }

        String bar = ""safe!"";
        java.util.HashMap<String, Object> map6751 = new java.util.HashMap<String, Object>();
        map6751.put(""keyA-6751"", ""a-Value""); // put some stuff in the collection
        map6751.put(""keyB-6751"", param); // put it in a collection
        map6751.put(""keyC"", ""another-Value""); // put some stuff in the collection
        bar = (String) map6751.get(""keyB-6751""); // get it back out

        // FILE URIs are tricky because they are different between Mac and Windows because of lack
        // of standardization.
        // Mac requires an extra slash for some reason.
        String startURIslashes = """";
        if (System.getProperty(""os.name"").indexOf(""Windows"") != -1)
            if (System.getProperty(""os.name"").indexOf(""Windows"") != -1) startURIslashes = ""/"";
            else startURIslashes = ""//"";

        try {
            java.net.URI fileURI =
                    new java.net.URI(
                            ""file"",
                            null,
                            startURIslashes
                                    + org.owasp.benchmark.helpers.Utils.TESTFILES_DIR
                                            .replace('\\', java.io.File.separatorChar)
                                            .replace(' ', '_')
                                    + bar,
                            null,
                            null);
            java.io.File fileTarget = new java.io.File(fileURI);
            response.getWriter()
                    .println(
                            ""Access to file: '""
                                    + org.owasp
                                            .esapi
                                            .ESAPI
                                            .encoder()
                                            .encodeForHTML(fileTarget.toString())
                                    + ""' created."");
            if (fileTarget.exists()) {
                response.getWriter().println("" And file already exists."");
            } else {
                response.getWriter().println("" But file doesn't exist yet."");
            }
        } catch (java.net.URISyntaxException e) {
            throw new ServletException(e);
        }
    }
}
", pathtraver,22,True
BenchmarkTest00783.java,org.owasp.benchmark.testcode,/pathtraver-00/BenchmarkTest00783,Path Traversal,"/**
 * OWASP Benchmark Project v1.2
 *
 * <p>This file is part of the Open Web Application Security Project (OWASP) Benchmark Project. For
 * details, please see <a
 * href=""https://owasp.org/www-project-benchmark/"">https://owasp.org/www-project-benchmark/</a>.
 *
 * <p>The OWASP Benchmark is free software: you can redistribute it and/or modify it under the terms
 * of the GNU General Public License as published by the Free Software Foundation, version 2.
 *
 * <p>The OWASP Benchmark is distributed in the hope that it will be useful, but WITHOUT ANY
 * WARRANTY; without even the implied warranty of MERCHANTABILITY or FITNESS FOR A PARTICULAR
 * PURPOSE. See the GNU General Public License for more details.
 *
 * @author Nick Sanidas
 * @created 2015
 */
package org.owasp.benchmark.testcode;

import java.io.IOException;
import javax.servlet.ServletException;
import javax.servlet.annotation.WebServlet;
import javax.servlet.http.HttpServlet;
import javax.servlet.http.HttpServletRequest;
import javax.servlet.http.HttpServletResponse;

@WebServlet(value = ""/pathtraver-00/BenchmarkTest00783"")
public class BenchmarkTest00783 extends HttpServlet {

    private static final long serialVersionUID = 1L;

    @Override
    public void doGet(HttpServletRequest request, HttpServletResponse response)
            throws ServletException, IOException {
        doPost(request, response);
    }

    @Override
    public void doPost(HttpServletRequest request, HttpServletResponse response)
            throws ServletException, IOException {
        response.setContentType(""text/html;charset=UTF-8"");

        String queryString = request.getQueryString();
        String paramval = ""BenchmarkTest00783"" + ""="";
        int paramLoc = -1;
        if (queryString != null) paramLoc = queryString.indexOf(paramval);
        if (paramLoc == -1) {
            response.getWriter()
                    .println(
                            ""getQueryString() couldn't find expected parameter '""
                                    + ""BenchmarkTest00783""
                                    + ""' in query string."");
            return;
        }

        String param =
                queryString.substring(
                        paramLoc
                                + paramval
                                        .length()); // 1st assume ""BenchmarkTest00783"" param is last
        // parameter in query string.
        // And then check to see if its in the middle of the query string and if so, trim off what
        // comes after.
        int ampersandLoc = queryString.indexOf(""&"", paramLoc);
        if (ampersandLoc != -1) {
            param = queryString.substring(paramLoc + paramval.length(), ampersandLoc);
        }
        param = java.net.URLDecoder.decode(param, ""UTF-8"");

        String bar = ""safe!"";
        java.util.HashMap<String, Object> map2299 = new java.util.HashMap<String, Object>();
        map2299.put(""keyA-2299"", ""a-Value""); // put some stuff in the collection
        map2299.put(""keyB-2299"", param); // put it in a collection
        map2299.put(""keyC"", ""another-Value""); // put some stuff in the collection
        bar = (String) map2299.get(""keyB-2299""); // get it back out

        String fileName = null;
        java.io.FileInputStream fis = null;

        try {
            fileName = org.owasp.benchmark.helpers.Utils.TESTFILES_DIR + bar;
            fis = new java.io.FileInputStream(new java.io.File(fileName));
            byte[] b = new byte[1000];
            int size = fis.read(b);
            response.getWriter()
                    .println(
                            ""The beginning of file: '""
                                    + org.owasp.esapi.ESAPI.encoder().encodeForHTML(fileName)
                                    + ""' is:\n\n""
                                    + org.owasp
                                            .esapi
                                            .ESAPI
                                            .encoder()
                                            .encodeForHTML(new String(b, 0, size)));
        } catch (Exception e) {
            System.out.println(""Couldn't open FileInputStream on file: '"" + fileName + ""'"");
            response.getWriter()
                    .println(
                            ""Problem getting FileInputStream: ""
                                    + org.owasp
                                            .esapi
                                            .ESAPI
                                            .encoder()
                                            .encodeForHTML(e.getMessage()));
        } finally {
            if (fis != null) {
                try {
                    fis.close();
                    fis = null;
                } catch (Exception e) {
                    // we tried...
                }
            }
        }
    }
}
", pathtraver,22,True
BenchmarkTest02378.java,org.owasp.benchmark.testcode,/pathtraver-02/BenchmarkTest02378,Path Traversal,"/**
 * OWASP Benchmark Project v1.2
 *
 * <p>This file is part of the Open Web Application Security Project (OWASP) Benchmark Project. For
 * details, please see <a
 * href=""https://owasp.org/www-project-benchmark/"">https://owasp.org/www-project-benchmark/</a>.
 *
 * <p>The OWASP Benchmark is free software: you can redistribute it and/or modify it under the terms
 * of the GNU General Public License as published by the Free Software Foundation, version 2.
 *
 * <p>The OWASP Benchmark is distributed in the hope that it will be useful, but WITHOUT ANY
 * WARRANTY; without even the implied warranty of MERCHANTABILITY or FITNESS FOR A PARTICULAR
 * PURPOSE. See the GNU General Public License for more details.
 *
 * @author Nick Sanidas
 * @created 2015
 */
package org.owasp.benchmark.testcode;

import java.io.IOException;
import javax.servlet.ServletException;
import javax.servlet.annotation.WebServlet;
import javax.servlet.http.HttpServlet;
import javax.servlet.http.HttpServletRequest;
import javax.servlet.http.HttpServletResponse;

@WebServlet(value = ""/pathtraver-02/BenchmarkTest02378"")
public class BenchmarkTest02378 extends HttpServlet {

    private static final long serialVersionUID = 1L;

    @Override
    public void doGet(HttpServletRequest request, HttpServletResponse response)
            throws ServletException, IOException {
        doPost(request, response);
    }

    @Override
    public void doPost(HttpServletRequest request, HttpServletResponse response)
            throws ServletException, IOException {
        response.setContentType(""text/html;charset=UTF-8"");

        org.owasp.benchmark.helpers.SeparateClassRequest scr =
                new org.owasp.benchmark.helpers.SeparateClassRequest(request);
        String param = scr.getTheParameter(""BenchmarkTest02378"");
        if (param == null) param = """";

        String bar = doSomething(request, param);

        // FILE URIs are tricky because they are different between Mac and Windows because of lack
        // of standardization.
        // Mac requires an extra slash for some reason.
        String startURIslashes = """";
        if (System.getProperty(""os.name"").indexOf(""Windows"") != -1)
            if (System.getProperty(""os.name"").indexOf(""Windows"") != -1) startURIslashes = ""/"";
            else startURIslashes = ""//"";

        try {
            java.net.URI fileURI =
                    new java.net.URI(
                            ""file:""
                                    + startURIslashes
                                    + org.owasp.benchmark.helpers.Utils.TESTFILES_DIR
                                            .replace('\\', '/')
                                            .replace(' ', '_')
                                    + bar);
            java.io.File fileTarget = new java.io.File(fileURI);
            response.getWriter()
                    .println(
                            ""Access to file: '""
                                    + org.owasp
                                            .esapi
                                            .ESAPI
                                            .encoder()
                                            .encodeForHTML(fileTarget.toString())
                                    + ""' created."");
            if (fileTarget.exists()) {
                response.getWriter().println("" And file already exists."");
            } else {
                response.getWriter().println("" But file doesn't exist yet."");
            }
        } catch (java.net.URISyntaxException e) {
            throw new ServletException(e);
        }
    } // end doPost

    private static String doSomething(HttpServletRequest request, String param)
            throws ServletException, IOException {

        org.owasp.benchmark.helpers.ThingInterface thing =
                org.owasp.benchmark.helpers.ThingFactory.createThing();
        String bar = thing.doSomething(param);

        return bar;
    }
}
", pathtraver,22,True
BenchmarkTest01496.java,org.owasp.benchmark.testcode,/pathtraver-01/BenchmarkTest01496,Path Traversal,"/**
 * OWASP Benchmark Project v1.2
 *
 * <p>This file is part of the Open Web Application Security Project (OWASP) Benchmark Project. For
 * details, please see <a
 * href=""https://owasp.org/www-project-benchmark/"">https://owasp.org/www-project-benchmark/</a>.
 *
 * <p>The OWASP Benchmark is free software: you can redistribute it and/or modify it under the terms
 * of the GNU General Public License as published by the Free Software Foundation, version 2.
 *
 * <p>The OWASP Benchmark is distributed in the hope that it will be useful, but WITHOUT ANY
 * WARRANTY; without even the implied warranty of MERCHANTABILITY or FITNESS FOR A PARTICULAR
 * PURPOSE. See the GNU General Public License for more details.
 *
 * @author Dave Wichers
 * @created 2015
 */
package org.owasp.benchmark.testcode;

import java.io.IOException;
import javax.servlet.ServletException;
import javax.servlet.annotation.WebServlet;
import javax.servlet.http.HttpServlet;
import javax.servlet.http.HttpServletRequest;
import javax.servlet.http.HttpServletResponse;

@WebServlet(value = ""/pathtraver-01/BenchmarkTest01496"")
public class BenchmarkTest01496 extends HttpServlet {

    private static final long serialVersionUID = 1L;

    @Override
    public void doGet(HttpServletRequest request, HttpServletResponse response)
            throws ServletException, IOException {
        doPost(request, response);
    }

    @Override
    public void doPost(HttpServletRequest request, HttpServletResponse response)
            throws ServletException, IOException {
        response.setContentType(""text/html;charset=UTF-8"");

        org.owasp.benchmark.helpers.SeparateClassRequest scr =
                new org.owasp.benchmark.helpers.SeparateClassRequest(request);
        String param = scr.getTheParameter(""BenchmarkTest01496"");
        if (param == null) param = """";

        String bar = new Test().doSomething(request, param);

        String fileName = null;
        java.io.FileInputStream fis = null;

        try {
            fileName = org.owasp.benchmark.helpers.Utils.TESTFILES_DIR + bar;
            fis = new java.io.FileInputStream(fileName);
            byte[] b = new byte[1000];
            int size = fis.read(b);
            response.getWriter()
                    .println(
                            ""The beginning of file: '""
                                    + org.owasp.esapi.ESAPI.encoder().encodeForHTML(fileName)
                                    + ""' is:\n\n"");
            response.getWriter()
                    .println(org.owasp.esapi.ESAPI.encoder().encodeForHTML(new String(b, 0, size)));
        } catch (Exception e) {
            System.out.println(""Couldn't open FileInputStream on file: '"" + fileName + ""'"");
            //			System.out.println(""File exception caught and swallowed: "" + e.getMessage());
        } finally {
            if (fis != null) {
                try {
                    fis.close();
                    fis = null;
                } catch (Exception e) {
                    // we tried...
                }
            }
        }
    } // end doPost

    private class Test {

        public String doSomething(HttpServletRequest request, String param)
                throws ServletException, IOException {

            String bar;
            String guess = ""ABC"";
            char switchTarget = guess.charAt(2);

            // Simple case statement that assigns param to bar on conditions 'A', 'C', or 'D'
            switch (switchTarget) {
                case 'A':
                    bar = param;
                    break;
                case 'B':
                    bar = ""bobs_your_uncle"";
                    break;
                case 'C':
                case 'D':
                    bar = param;
                    break;
                default:
                    bar = ""bobs_your_uncle"";
                    break;
            }

            return bar;
        }
    } // end innerclass Test
} // end DataflowThruInnerClass
", pathtraver,22,True
BenchmarkTest02561.java,org.owasp.benchmark.testcode,/pathtraver-03/BenchmarkTest02561,Path Traversal,"/**
 * OWASP Benchmark Project v1.2
 *
 * <p>This file is part of the Open Web Application Security Project (OWASP) Benchmark Project. For
 * details, please see <a
 * href=""https://owasp.org/www-project-benchmark/"">https://owasp.org/www-project-benchmark/</a>.
 *
 * <p>The OWASP Benchmark is free software: you can redistribute it and/or modify it under the terms
 * of the GNU General Public License as published by the Free Software Foundation, version 2.
 *
 * <p>The OWASP Benchmark is distributed in the hope that it will be useful, but WITHOUT ANY
 * WARRANTY; without even the implied warranty of MERCHANTABILITY or FITNESS FOR A PARTICULAR
 * PURPOSE. See the GNU General Public License for more details.
 *
 * @author Nick Sanidas
 * @created 2015
 */
package org.owasp.benchmark.testcode;

import java.io.IOException;
import javax.servlet.ServletException;
import javax.servlet.annotation.WebServlet;
import javax.servlet.http.HttpServlet;
import javax.servlet.http.HttpServletRequest;
import javax.servlet.http.HttpServletResponse;

@WebServlet(value = ""/pathtraver-03/BenchmarkTest02561"")
public class BenchmarkTest02561 extends HttpServlet {

    private static final long serialVersionUID = 1L;

    @Override
    public void doGet(HttpServletRequest request, HttpServletResponse response)
            throws ServletException, IOException {
        doPost(request, response);
    }

    @Override
    public void doPost(HttpServletRequest request, HttpServletResponse response)
            throws ServletException, IOException {
        response.setContentType(""text/html;charset=UTF-8"");

        String queryString = request.getQueryString();
        String paramval = ""BenchmarkTest02561"" + ""="";
        int paramLoc = -1;
        if (queryString != null) paramLoc = queryString.indexOf(paramval);
        if (paramLoc == -1) {
            response.getWriter()
                    .println(
                            ""getQueryString() couldn't find expected parameter '""
                                    + ""BenchmarkTest02561""
                                    + ""' in query string."");
            return;
        }

        String param =
                queryString.substring(
                        paramLoc
                                + paramval
                                        .length()); // 1st assume ""BenchmarkTest02561"" param is last
        // parameter in query string.
        // And then check to see if its in the middle of the query string and if so, trim off what
        // comes after.
        int ampersandLoc = queryString.indexOf(""&"", paramLoc);
        if (ampersandLoc != -1) {
            param = queryString.substring(paramLoc + paramval.length(), ampersandLoc);
        }
        param = java.net.URLDecoder.decode(param, ""UTF-8"");

        String bar = doSomething(request, param);

        String fileName = null;
        java.io.FileInputStream fis = null;

        try {
            fileName = org.owasp.benchmark.helpers.Utils.TESTFILES_DIR + bar;
            fis = new java.io.FileInputStream(fileName);
            byte[] b = new byte[1000];
            int size = fis.read(b);
            response.getWriter()
                    .println(
                            ""The beginning of file: '""
                                    + org.owasp.esapi.ESAPI.encoder().encodeForHTML(fileName)
                                    + ""' is:\n\n"");
            response.getWriter()
                    .println(org.owasp.esapi.ESAPI.encoder().encodeForHTML(new String(b, 0, size)));
        } catch (Exception e) {
            System.out.println(""Couldn't open FileInputStream on file: '"" + fileName + ""'"");
            //			System.out.println(""File exception caught and swallowed: "" + e.getMessage());
        } finally {
            if (fis != null) {
                try {
                    fis.close();
                    fis = null;
                } catch (Exception e) {
                    // we tried...
                }
            }
        }
    } // end doPost

    private static String doSomething(HttpServletRequest request, String param)
            throws ServletException, IOException {

        String bar = """";
        if (param != null) {
            java.util.List<String> valuesList = new java.util.ArrayList<String>();
            valuesList.add(""safe"");
            valuesList.add(param);
            valuesList.add(""moresafe"");

            valuesList.remove(0); // remove the 1st safe value

            bar = valuesList.get(0); // get the param value
        }

        return bar;
    }
}
", pathtraver,22,True
BenchmarkTest01111.java,org.owasp.benchmark.testcode,/pathtraver-01/BenchmarkTest01111,Path Traversal,"/**
 * OWASP Benchmark Project v1.2
 *
 * <p>This file is part of the Open Web Application Security Project (OWASP) Benchmark Project. For
 * details, please see <a
 * href=""https://owasp.org/www-project-benchmark/"">https://owasp.org/www-project-benchmark/</a>.
 *
 * <p>The OWASP Benchmark is free software: you can redistribute it and/or modify it under the terms
 * of the GNU General Public License as published by the Free Software Foundation, version 2.
 *
 * <p>The OWASP Benchmark is distributed in the hope that it will be useful, but WITHOUT ANY
 * WARRANTY; without even the implied warranty of MERCHANTABILITY or FITNESS FOR A PARTICULAR
 * PURPOSE. See the GNU General Public License for more details.
 *
 * @author Dave Wichers
 * @created 2015
 */
package org.owasp.benchmark.testcode;

import java.io.IOException;
import javax.servlet.ServletException;
import javax.servlet.annotation.WebServlet;
import javax.servlet.http.HttpServlet;
import javax.servlet.http.HttpServletRequest;
import javax.servlet.http.HttpServletResponse;

@WebServlet(value = ""/pathtraver-01/BenchmarkTest01111"")
public class BenchmarkTest01111 extends HttpServlet {

    private static final long serialVersionUID = 1L;

    @Override
    public void doGet(HttpServletRequest request, HttpServletResponse response)
            throws ServletException, IOException {
        doPost(request, response);
    }

    @Override
    public void doPost(HttpServletRequest request, HttpServletResponse response)
            throws ServletException, IOException {
        response.setContentType(""text/html;charset=UTF-8"");

        String param = """";
        java.util.Enumeration<String> names = request.getHeaderNames();
        while (names.hasMoreElements()) {
            String name = (String) names.nextElement();

            if (org.owasp.benchmark.helpers.Utils.commonHeaders.contains(name)) {
                continue; // If standard header, move on to next one
            }

            java.util.Enumeration<String> values = request.getHeaders(name);
            if (values != null && values.hasMoreElements()) {
                param = name; // Grabs the name of the first non-standard header as the parameter
                // value
                break;
            }
        }
        // Note: We don't URL decode header names because people don't normally do that

        String bar = new Test().doSomething(request, param);

        String fileName = null;
        java.io.FileInputStream fis = null;

        try {
            fileName = org.owasp.benchmark.helpers.Utils.TESTFILES_DIR + bar;
            fis = new java.io.FileInputStream(fileName);
            byte[] b = new byte[1000];
            int size = fis.read(b);
            response.getWriter()
                    .println(
                            ""The beginning of file: '""
                                    + org.owasp.esapi.ESAPI.encoder().encodeForHTML(fileName)
                                    + ""' is:\n\n"");
            response.getWriter()
                    .println(org.owasp.esapi.ESAPI.encoder().encodeForHTML(new String(b, 0, size)));
        } catch (Exception e) {
            System.out.println(""Couldn't open FileInputStream on file: '"" + fileName + ""'"");
            //			System.out.println(""File exception caught and swallowed: "" + e.getMessage());
        } finally {
            if (fis != null) {
                try {
                    fis.close();
                    fis = null;
                } catch (Exception e) {
                    // we tried...
                }
            }
        }
    } // end doPost

    private class Test {

        public String doSomething(HttpServletRequest request, String param)
                throws ServletException, IOException {

            String bar;

            // Simple if statement that assigns param to bar on true condition
            int num = 196;
            if ((500 / 42) + num > 200) bar = param;
            else bar = ""This should never happen"";

            return bar;
        }
    } // end innerclass Test
} // end DataflowThruInnerClass
", pathtraver,22,True
BenchmarkTest00698.java,org.owasp.benchmark.testcode,/pathtraver-00/BenchmarkTest00698,Path Traversal,"/**
 * OWASP Benchmark Project v1.2
 *
 * <p>This file is part of the Open Web Application Security Project (OWASP) Benchmark Project. For
 * details, please see <a
 * href=""https://owasp.org/www-project-benchmark/"">https://owasp.org/www-project-benchmark/</a>.
 *
 * <p>The OWASP Benchmark is free software: you can redistribute it and/or modify it under the terms
 * of the GNU General Public License as published by the Free Software Foundation, version 2.
 *
 * <p>The OWASP Benchmark is distributed in the hope that it will be useful, but WITHOUT ANY
 * WARRANTY; without even the implied warranty of MERCHANTABILITY or FITNESS FOR A PARTICULAR
 * PURPOSE. See the GNU General Public License for more details.
 *
 * @author Nick Sanidas
 * @created 2015
 */
package org.owasp.benchmark.testcode;

import java.io.IOException;
import javax.servlet.ServletException;
import javax.servlet.annotation.WebServlet;
import javax.servlet.http.HttpServlet;
import javax.servlet.http.HttpServletRequest;
import javax.servlet.http.HttpServletResponse;

@WebServlet(value = ""/pathtraver-00/BenchmarkTest00698"")
public class BenchmarkTest00698 extends HttpServlet {

    private static final long serialVersionUID = 1L;

    @Override
    public void doGet(HttpServletRequest request, HttpServletResponse response)
            throws ServletException, IOException {
        doPost(request, response);
    }

    @Override
    public void doPost(HttpServletRequest request, HttpServletResponse response)
            throws ServletException, IOException {
        response.setContentType(""text/html;charset=UTF-8"");

        String[] values = request.getParameterValues(""BenchmarkTest00698"");
        String param;
        if (values != null && values.length > 0) param = values[0];
        else param = """";

        org.owasp.benchmark.helpers.ThingInterface thing =
                org.owasp.benchmark.helpers.ThingFactory.createThing();
        String bar = thing.doSomething(param);

        java.io.File fileTarget = new java.io.File(bar, ""/Test.txt"");
        response.getWriter()
                .println(
                        ""Access to file: '""
                                + org.owasp
                                        .esapi
                                        .ESAPI
                                        .encoder()
                                        .encodeForHTML(fileTarget.toString())
                                + ""' created."");
        if (fileTarget.exists()) {
            response.getWriter().println("" And file already exists."");
        } else {
            response.getWriter().println("" But file doesn't exist yet."");
        }
    }
}
", pathtraver,22,True
BenchmarkTest00216.java,org.owasp.benchmark.testcode,/pathtraver-00/BenchmarkTest00216,Path Traversal,"/**
 * OWASP Benchmark Project v1.2
 *
 * <p>This file is part of the Open Web Application Security Project (OWASP) Benchmark Project. For
 * details, please see <a
 * href=""https://owasp.org/www-project-benchmark/"">https://owasp.org/www-project-benchmark/</a>.
 *
 * <p>The OWASP Benchmark is free software: you can redistribute it and/or modify it under the terms
 * of the GNU General Public License as published by the Free Software Foundation, version 2.
 *
 * <p>The OWASP Benchmark is distributed in the hope that it will be useful, but WITHOUT ANY
 * WARRANTY; without even the implied warranty of MERCHANTABILITY or FITNESS FOR A PARTICULAR
 * PURPOSE. See the GNU General Public License for more details.
 *
 * @author Nick Sanidas
 * @created 2015
 */
package org.owasp.benchmark.testcode;

import java.io.IOException;
import javax.servlet.ServletException;
import javax.servlet.annotation.WebServlet;
import javax.servlet.http.HttpServlet;
import javax.servlet.http.HttpServletRequest;
import javax.servlet.http.HttpServletResponse;

@WebServlet(value = ""/pathtraver-00/BenchmarkTest00216"")
public class BenchmarkTest00216 extends HttpServlet {

    private static final long serialVersionUID = 1L;

    @Override
    public void doGet(HttpServletRequest request, HttpServletResponse response)
            throws ServletException, IOException {
        doPost(request, response);
    }

    @Override
    public void doPost(HttpServletRequest request, HttpServletResponse response)
            throws ServletException, IOException {
        response.setContentType(""text/html;charset=UTF-8"");

        String param = """";
        java.util.Enumeration<String> names = request.getHeaderNames();
        while (names.hasMoreElements()) {
            String name = (String) names.nextElement();

            if (org.owasp.benchmark.helpers.Utils.commonHeaders.contains(name)) {
                continue; // If standard header, move on to next one
            }

            java.util.Enumeration<String> values = request.getHeaders(name);
            if (values != null && values.hasMoreElements()) {
                param = name; // Grabs the name of the first non-standard header as the parameter
                // value
                break;
            }
        }
        // Note: We don't URL decode header names because people don't normally do that

        String bar;

        // Simple if statement that assigns param to bar on true condition
        int num = 196;
        if ((500 / 42) + num > 200) bar = param;
        else bar = ""This should never happen"";

        java.io.File fileTarget =
                new java.io.File(org.owasp.benchmark.helpers.Utils.TESTFILES_DIR, bar);
        response.getWriter()
                .println(
                        ""Access to file: '""
                                + org.owasp
                                        .esapi
                                        .ESAPI
                                        .encoder()
                                        .encodeForHTML(fileTarget.toString())
                                + ""' created."");
        if (fileTarget.exists()) {
            response.getWriter().println("" And file already exists."");
        } else {
            response.getWriter().println("" But file doesn't exist yet."");
        }
    }
}
", pathtraver,22,True
BenchmarkTest02710.java,org.owasp.benchmark.testcode,/securecookie-00/BenchmarkTest02710,Insecure Cookie Handling,"/**
 * OWASP Benchmark Project v1.2
 *
 * <p>This file is part of the Open Web Application Security Project (OWASP) Benchmark Project. For
 * details, please see <a
 * href=""https://owasp.org/www-project-benchmark/"">https://owasp.org/www-project-benchmark/</a>.
 *
 * <p>The OWASP Benchmark is free software: you can redistribute it and/or modify it under the terms
 * of the GNU General Public License as published by the Free Software Foundation, version 2.
 *
 * <p>The OWASP Benchmark is distributed in the hope that it will be useful, but WITHOUT ANY
 * WARRANTY; without even the implied warranty of MERCHANTABILITY or FITNESS FOR A PARTICULAR
 * PURPOSE. See the GNU General Public License for more details.
 *
 * @author Nick Sanidas
 * @created 2015
 */
package org.owasp.benchmark.testcode;

import java.io.IOException;
import javax.servlet.ServletException;
import javax.servlet.annotation.WebServlet;
import javax.servlet.http.HttpServlet;
import javax.servlet.http.HttpServletRequest;
import javax.servlet.http.HttpServletResponse;

@WebServlet(value = ""/securecookie-00/BenchmarkTest02710"")
public class BenchmarkTest02710 extends HttpServlet {

    private static final long serialVersionUID = 1L;

    @Override
    public void doGet(HttpServletRequest request, HttpServletResponse response)
            throws ServletException, IOException {
        doPost(request, response);
    }

    @Override
    public void doPost(HttpServletRequest request, HttpServletResponse response)
            throws ServletException, IOException {
        response.setContentType(""text/html;charset=UTF-8"");

        org.owasp.benchmark.helpers.SeparateClassRequest scr =
                new org.owasp.benchmark.helpers.SeparateClassRequest(request);
        String param = scr.getTheValue(""BenchmarkTest02710"");

        String bar = doSomething(request, param);

        byte[] input = new byte[1000];
        String str = ""?"";
        Object inputParam = param;
        if (inputParam instanceof String) str = ((String) inputParam);
        if (inputParam instanceof java.io.InputStream) {
            int i = ((java.io.InputStream) inputParam).read(input);
            if (i == -1) {
                response.getWriter()
                        .println(
                                ""This input source requires a POST, not a GET. Incompatible UI for the InputStream source."");
                return;
            }
            str = new String(input, 0, i);
        }
        if ("""".equals(str)) str = ""No cookie value supplied"";
        javax.servlet.http.Cookie cookie = new javax.servlet.http.Cookie(""SomeCookie"", str);

        cookie.setSecure(false);
        cookie.setHttpOnly(true);
        cookie.setPath(request.getRequestURI()); // i.e., set path to JUST this servlet
        // e.g., /benchmark/sql-01/BenchmarkTest01001
        response.addCookie(cookie);

        response.getWriter()
                .println(
                        ""Created cookie: 'SomeCookie': with value: '""
                                + org.owasp.esapi.ESAPI.encoder().encodeForHTML(str)
                                + ""' and secure flag set to: false"");
    } // end doPost

    private static String doSomething(HttpServletRequest request, String param)
            throws ServletException, IOException {

        String bar = org.springframework.web.util.HtmlUtils.htmlEscape(param);

        return bar;
    }
}
", securecookie,614,True
BenchmarkTest00903.java,org.owasp.benchmark.testcode,/securecookie-00/BenchmarkTest00903,Insecure Cookie Handling,"/**
 * OWASP Benchmark Project v1.2
 *
 * <p>This file is part of the Open Web Application Security Project (OWASP) Benchmark Project. For
 * details, please see <a
 * href=""https://owasp.org/www-project-benchmark/"">https://owasp.org/www-project-benchmark/</a>.
 *
 * <p>The OWASP Benchmark is free software: you can redistribute it and/or modify it under the terms
 * of the GNU General Public License as published by the Free Software Foundation, version 2.
 *
 * <p>The OWASP Benchmark is distributed in the hope that it will be useful, but WITHOUT ANY
 * WARRANTY; without even the implied warranty of MERCHANTABILITY or FITNESS FOR A PARTICULAR
 * PURPOSE. See the GNU General Public License for more details.
 *
 * @author Nick Sanidas
 * @created 2015
 */
package org.owasp.benchmark.testcode;

import java.io.IOException;
import javax.servlet.ServletException;
import javax.servlet.annotation.WebServlet;
import javax.servlet.http.HttpServlet;
import javax.servlet.http.HttpServletRequest;
import javax.servlet.http.HttpServletResponse;

@WebServlet(value = ""/securecookie-00/BenchmarkTest00903"")
public class BenchmarkTest00903 extends HttpServlet {

    private static final long serialVersionUID = 1L;

    @Override
    public void doGet(HttpServletRequest request, HttpServletResponse response)
            throws ServletException, IOException {
        doPost(request, response);
    }

    @Override
    public void doPost(HttpServletRequest request, HttpServletResponse response)
            throws ServletException, IOException {
        response.setContentType(""text/html;charset=UTF-8"");

        org.owasp.benchmark.helpers.SeparateClassRequest scr =
                new org.owasp.benchmark.helpers.SeparateClassRequest(request);
        String param = scr.getTheValue(""BenchmarkTest00903"");

        String bar;
        String guess = ""ABC"";
        char switchTarget = guess.charAt(1); // condition 'B', which is safe

        // Simple case statement that assigns param to bar on conditions 'A', 'C', or 'D'
        switch (switchTarget) {
            case 'A':
                bar = param;
                break;
            case 'B':
                bar = ""bob"";
                break;
            case 'C':
            case 'D':
                bar = param;
                break;
            default:
                bar = ""bob's your uncle"";
                break;
        }

        byte[] input = new byte[1000];
        String str = ""?"";
        Object inputParam = param;
        if (inputParam instanceof String) str = ((String) inputParam);
        if (inputParam instanceof java.io.InputStream) {
            int i = ((java.io.InputStream) inputParam).read(input);
            if (i == -1) {
                response.getWriter()
                        .println(
                                ""This input source requires a POST, not a GET. Incompatible UI for the InputStream source."");
                return;
            }
            str = new String(input, 0, i);
        }
        if ("""".equals(str)) str = ""No cookie value supplied"";
        javax.servlet.http.Cookie cookie = new javax.servlet.http.Cookie(""SomeCookie"", str);

        cookie.setSecure(false);
        cookie.setHttpOnly(true);
        cookie.setPath(request.getRequestURI()); // i.e., set path to JUST this servlet
        // e.g., /benchmark/sql-01/BenchmarkTest01001
        response.addCookie(cookie);

        response.getWriter()
                .println(
                        ""Created cookie: 'SomeCookie': with value: '""
                                + org.owasp.esapi.ESAPI.encoder().encodeForHTML(str)
                                + ""' and secure flag set to: false"");
    }
}
", securecookie,614,True
BenchmarkTest01683.java,org.owasp.benchmark.testcode,/securecookie-00/BenchmarkTest01683,Insecure Cookie Handling,"/**
 * OWASP Benchmark Project v1.2
 *
 * <p>This file is part of the Open Web Application Security Project (OWASP) Benchmark Project. For
 * details, please see <a
 * href=""https://owasp.org/www-project-benchmark/"">https://owasp.org/www-project-benchmark/</a>.
 *
 * <p>The OWASP Benchmark is free software: you can redistribute it and/or modify it under the terms
 * of the GNU General Public License as published by the Free Software Foundation, version 2.
 *
 * <p>The OWASP Benchmark is distributed in the hope that it will be useful, but WITHOUT ANY
 * WARRANTY; without even the implied warranty of MERCHANTABILITY or FITNESS FOR A PARTICULAR
 * PURPOSE. See the GNU General Public License for more details.
 *
 * @author Dave Wichers
 * @created 2015
 */
package org.owasp.benchmark.testcode;

import java.io.IOException;
import javax.servlet.ServletException;
import javax.servlet.annotation.WebServlet;
import javax.servlet.http.HttpServlet;
import javax.servlet.http.HttpServletRequest;
import javax.servlet.http.HttpServletResponse;

@WebServlet(value = ""/securecookie-00/BenchmarkTest01683"")
public class BenchmarkTest01683 extends HttpServlet {

    private static final long serialVersionUID = 1L;

    @Override
    public void doGet(HttpServletRequest request, HttpServletResponse response)
            throws ServletException, IOException {
        doPost(request, response);
    }

    @Override
    public void doPost(HttpServletRequest request, HttpServletResponse response)
            throws ServletException, IOException {
        response.setContentType(""text/html;charset=UTF-8"");

        String queryString = request.getQueryString();
        String paramval = ""BenchmarkTest01683"" + ""="";
        int paramLoc = -1;
        if (queryString != null) paramLoc = queryString.indexOf(paramval);
        if (paramLoc == -1) {
            response.getWriter()
                    .println(
                            ""getQueryString() couldn't find expected parameter '""
                                    + ""BenchmarkTest01683""
                                    + ""' in query string."");
            return;
        }

        String param =
                queryString.substring(
                        paramLoc
                                + paramval
                                        .length()); // 1st assume ""BenchmarkTest01683"" param is last
        // parameter in query string.
        // And then check to see if its in the middle of the query string and if so, trim off what
        // comes after.
        int ampersandLoc = queryString.indexOf(""&"", paramLoc);
        if (ampersandLoc != -1) {
            param = queryString.substring(paramLoc + paramval.length(), ampersandLoc);
        }
        param = java.net.URLDecoder.decode(param, ""UTF-8"");

        String bar = new Test().doSomething(request, param);

        byte[] input = new byte[1000];
        String str = ""?"";
        Object inputParam = param;
        if (inputParam instanceof String) str = ((String) inputParam);
        if (inputParam instanceof java.io.InputStream) {
            int i = ((java.io.InputStream) inputParam).read(input);
            if (i == -1) {
                response.getWriter()
                        .println(
                                ""This input source requires a POST, not a GET. Incompatible UI for the InputStream source."");
                return;
            }
            str = new String(input, 0, i);
        }
        if ("""".equals(str)) str = ""No cookie value supplied"";
        javax.servlet.http.Cookie cookie = new javax.servlet.http.Cookie(""SomeCookie"", str);

        cookie.setSecure(false);
        cookie.setHttpOnly(true);
        cookie.setPath(request.getRequestURI()); // i.e., set path to JUST this servlet
        // e.g., /benchmark/sql-01/BenchmarkTest01001
        response.addCookie(cookie);

        response.getWriter()
                .println(
                        ""Created cookie: 'SomeCookie': with value: '""
                                + org.owasp.esapi.ESAPI.encoder().encodeForHTML(str)
                                + ""' and secure flag set to: false"");
    } // end doPost

    private class Test {

        public String doSomething(HttpServletRequest request, String param)
                throws ServletException, IOException {

            org.owasp.benchmark.helpers.ThingInterface thing =
                    org.owasp.benchmark.helpers.ThingFactory.createThing();
            String bar = thing.doSomething(param);

            return bar;
        }
    } // end innerclass Test
} // end DataflowThruInnerClass
", securecookie,614,True
BenchmarkTest02142.java,org.owasp.benchmark.testcode,/securecookie-00/BenchmarkTest02142,Insecure Cookie Handling,"/**
 * OWASP Benchmark Project v1.2
 *
 * <p>This file is part of the Open Web Application Security Project (OWASP) Benchmark Project. For
 * details, please see <a
 * href=""https://owasp.org/www-project-benchmark/"">https://owasp.org/www-project-benchmark/</a>.
 *
 * <p>The OWASP Benchmark is free software: you can redistribute it and/or modify it under the terms
 * of the GNU General Public License as published by the Free Software Foundation, version 2.
 *
 * <p>The OWASP Benchmark is distributed in the hope that it will be useful, but WITHOUT ANY
 * WARRANTY; without even the implied warranty of MERCHANTABILITY or FITNESS FOR A PARTICULAR
 * PURPOSE. See the GNU General Public License for more details.
 *
 * @author Nick Sanidas
 * @created 2015
 */
package org.owasp.benchmark.testcode;

import java.io.IOException;
import javax.servlet.ServletException;
import javax.servlet.annotation.WebServlet;
import javax.servlet.http.HttpServlet;
import javax.servlet.http.HttpServletRequest;
import javax.servlet.http.HttpServletResponse;

@WebServlet(value = ""/securecookie-00/BenchmarkTest02142"")
public class BenchmarkTest02142 extends HttpServlet {

    private static final long serialVersionUID = 1L;

    @Override
    public void doGet(HttpServletRequest request, HttpServletResponse response)
            throws ServletException, IOException {
        doPost(request, response);
    }

    @Override
    public void doPost(HttpServletRequest request, HttpServletResponse response)
            throws ServletException, IOException {
        response.setContentType(""text/html;charset=UTF-8"");

        String param = request.getParameter(""BenchmarkTest02142"");
        if (param == null) param = """";

        String bar = doSomething(request, param);

        byte[] input = new byte[1000];
        String str = ""?"";
        Object inputParam = param;
        if (inputParam instanceof String) str = ((String) inputParam);
        if (inputParam instanceof java.io.InputStream) {
            int i = ((java.io.InputStream) inputParam).read(input);
            if (i == -1) {
                response.getWriter()
                        .println(
                                ""This input source requires a POST, not a GET. Incompatible UI for the InputStream source."");
                return;
            }
            str = new String(input, 0, i);
        }
        if ("""".equals(str)) str = ""No cookie value supplied"";
        javax.servlet.http.Cookie cookie = new javax.servlet.http.Cookie(""SomeCookie"", str);

        cookie.setSecure(false);
        cookie.setHttpOnly(true);
        cookie.setPath(request.getRequestURI()); // i.e., set path to JUST this servlet
        // e.g., /benchmark/sql-01/BenchmarkTest01001
        response.addCookie(cookie);

        response.getWriter()
                .println(
                        ""Created cookie: 'SomeCookie': with value: '""
                                + org.owasp.esapi.ESAPI.encoder().encodeForHTML(str)
                                + ""' and secure flag set to: false"");
    } // end doPost

    private static String doSomething(HttpServletRequest request, String param)
            throws ServletException, IOException {

        String bar = ""alsosafe"";
        if (param != null) {
            java.util.List<String> valuesList = new java.util.ArrayList<String>();
            valuesList.add(""safe"");
            valuesList.add(param);
            valuesList.add(""moresafe"");

            valuesList.remove(0); // remove the 1st safe value

            bar = valuesList.get(1); // get the last 'safe' value
        }

        return bar;
    }
}
", securecookie,614,True
BenchmarkTest01134.java,org.owasp.benchmark.testcode,/securecookie-00/BenchmarkTest01134,Insecure Cookie Handling,"/**
 * OWASP Benchmark Project v1.2
 *
 * <p>This file is part of the Open Web Application Security Project (OWASP) Benchmark Project. For
 * details, please see <a
 * href=""https://owasp.org/www-project-benchmark/"">https://owasp.org/www-project-benchmark/</a>.
 *
 * <p>The OWASP Benchmark is free software: you can redistribute it and/or modify it under the terms
 * of the GNU General Public License as published by the Free Software Foundation, version 2.
 *
 * <p>The OWASP Benchmark is distributed in the hope that it will be useful, but WITHOUT ANY
 * WARRANTY; without even the implied warranty of MERCHANTABILITY or FITNESS FOR A PARTICULAR
 * PURPOSE. See the GNU General Public License for more details.
 *
 * @author Dave Wichers
 * @created 2015
 */
package org.owasp.benchmark.testcode;

import java.io.IOException;
import javax.servlet.ServletException;
import javax.servlet.annotation.WebServlet;
import javax.servlet.http.HttpServlet;
import javax.servlet.http.HttpServletRequest;
import javax.servlet.http.HttpServletResponse;

@WebServlet(value = ""/securecookie-00/BenchmarkTest01134"")
public class BenchmarkTest01134 extends HttpServlet {

    private static final long serialVersionUID = 1L;

    @Override
    public void doGet(HttpServletRequest request, HttpServletResponse response)
            throws ServletException, IOException {
        doPost(request, response);
    }

    @Override
    public void doPost(HttpServletRequest request, HttpServletResponse response)
            throws ServletException, IOException {
        response.setContentType(""text/html;charset=UTF-8"");

        String param = """";
        java.util.Enumeration<String> names = request.getHeaderNames();
        while (names.hasMoreElements()) {
            String name = (String) names.nextElement();

            if (org.owasp.benchmark.helpers.Utils.commonHeaders.contains(name)) {
                continue; // If standard header, move on to next one
            }

            java.util.Enumeration<String> values = request.getHeaders(name);
            if (values != null && values.hasMoreElements()) {
                param = name; // Grabs the name of the first non-standard header as the parameter
                // value
                break;
            }
        }
        // Note: We don't URL decode header names because people don't normally do that

        String bar = new Test().doSomething(request, param);

        byte[] input = new byte[1000];
        String str = ""?"";
        Object inputParam = param;
        if (inputParam instanceof String) str = ((String) inputParam);
        if (inputParam instanceof java.io.InputStream) {
            int i = ((java.io.InputStream) inputParam).read(input);
            if (i == -1) {
                response.getWriter()
                        .println(
                                ""This input source requires a POST, not a GET. Incompatible UI for the InputStream source."");
                return;
            }
            str = new String(input, 0, i);
        }
        if ("""".equals(str)) str = ""No cookie value supplied"";
        javax.servlet.http.Cookie cookie = new javax.servlet.http.Cookie(""SomeCookie"", str);

        cookie.setSecure(false);
        cookie.setHttpOnly(true);
        cookie.setPath(request.getRequestURI()); // i.e., set path to JUST this servlet
        // e.g., /benchmark/sql-01/BenchmarkTest01001
        response.addCookie(cookie);

        response.getWriter()
                .println(
                        ""Created cookie: 'SomeCookie': with value: '""
                                + org.owasp.esapi.ESAPI.encoder().encodeForHTML(str)
                                + ""' and secure flag set to: false"");
    } // end doPost

    private class Test {

        public String doSomething(HttpServletRequest request, String param)
                throws ServletException, IOException {

            String bar = ""safe!"";
            java.util.HashMap<String, Object> map9728 = new java.util.HashMap<String, Object>();
            map9728.put(""keyA-9728"", ""a-Value""); // put some stuff in the collection
            map9728.put(""keyB-9728"", param); // put it in a collection
            map9728.put(""keyC"", ""another-Value""); // put some stuff in the collection
            bar = (String) map9728.get(""keyB-9728""); // get it back out

            return bar;
        }
    } // end innerclass Test
} // end DataflowThruInnerClass
", securecookie,614,True
BenchmarkTest02339.java,org.owasp.benchmark.testcode,/securecookie-00/BenchmarkTest02339,Insecure Cookie Handling,"/**
 * OWASP Benchmark Project v1.2
 *
 * <p>This file is part of the Open Web Application Security Project (OWASP) Benchmark Project. For
 * details, please see <a
 * href=""https://owasp.org/www-project-benchmark/"">https://owasp.org/www-project-benchmark/</a>.
 *
 * <p>The OWASP Benchmark is free software: you can redistribute it and/or modify it under the terms
 * of the GNU General Public License as published by the Free Software Foundation, version 2.
 *
 * <p>The OWASP Benchmark is distributed in the hope that it will be useful, but WITHOUT ANY
 * WARRANTY; without even the implied warranty of MERCHANTABILITY or FITNESS FOR A PARTICULAR
 * PURPOSE. See the GNU General Public License for more details.
 *
 * @author Nick Sanidas
 * @created 2015
 */
package org.owasp.benchmark.testcode;

import java.io.IOException;
import javax.servlet.ServletException;
import javax.servlet.annotation.WebServlet;
import javax.servlet.http.HttpServlet;
import javax.servlet.http.HttpServletRequest;
import javax.servlet.http.HttpServletResponse;

@WebServlet(value = ""/securecookie-00/BenchmarkTest02339"")
public class BenchmarkTest02339 extends HttpServlet {

    private static final long serialVersionUID = 1L;

    @Override
    public void doGet(HttpServletRequest request, HttpServletResponse response)
            throws ServletException, IOException {
        doPost(request, response);
    }

    @Override
    public void doPost(HttpServletRequest request, HttpServletResponse response)
            throws ServletException, IOException {
        response.setContentType(""text/html;charset=UTF-8"");

        String param = """";
        boolean flag = true;
        java.util.Enumeration<String> names = request.getParameterNames();
        while (names.hasMoreElements() && flag) {
            String name = (String) names.nextElement();
            String[] values = request.getParameterValues(name);
            if (values != null) {
                for (int i = 0; i < values.length && flag; i++) {
                    String value = values[i];
                    if (value.equals(""BenchmarkTest02339"")) {
                        param = name;
                        flag = false;
                    }
                }
            }
        }

        String bar = doSomething(request, param);

        byte[] input = new byte[1000];
        String str = ""?"";
        Object inputParam = param;
        if (inputParam instanceof String) str = ((String) inputParam);
        if (inputParam instanceof java.io.InputStream) {
            int i = ((java.io.InputStream) inputParam).read(input);
            if (i == -1) {
                response.getWriter()
                        .println(
                                ""This input source requires a POST, not a GET. Incompatible UI for the InputStream source."");
                return;
            }
            str = new String(input, 0, i);
        }
        if ("""".equals(str)) str = ""No cookie value supplied"";
        javax.servlet.http.Cookie cookie = new javax.servlet.http.Cookie(""SomeCookie"", str);

        cookie.setSecure(false);
        cookie.setHttpOnly(true);
        cookie.setPath(request.getRequestURI()); // i.e., set path to JUST this servlet
        // e.g., /benchmark/sql-01/BenchmarkTest01001
        response.addCookie(cookie);

        response.getWriter()
                .println(
                        ""Created cookie: 'SomeCookie': with value: '""
                                + org.owasp.esapi.ESAPI.encoder().encodeForHTML(str)
                                + ""' and secure flag set to: false"");
    } // end doPost

    private static String doSomething(HttpServletRequest request, String param)
            throws ServletException, IOException {

        String bar = ""alsosafe"";
        if (param != null) {
            java.util.List<String> valuesList = new java.util.ArrayList<String>();
            valuesList.add(""safe"");
            valuesList.add(param);
            valuesList.add(""moresafe"");

            valuesList.remove(0); // remove the 1st safe value

            bar = valuesList.get(1); // get the last 'safe' value
        }

        return bar;
    }
}
", securecookie,614,True
BenchmarkTest01281.java,org.owasp.benchmark.testcode,/securecookie-00/BenchmarkTest01281,Insecure Cookie Handling,"/**
 * OWASP Benchmark Project v1.2
 *
 * <p>This file is part of the Open Web Application Security Project (OWASP) Benchmark Project. For
 * details, please see <a
 * href=""https://owasp.org/www-project-benchmark/"">https://owasp.org/www-project-benchmark/</a>.
 *
 * <p>The OWASP Benchmark is free software: you can redistribute it and/or modify it under the terms
 * of the GNU General Public License as published by the Free Software Foundation, version 2.
 *
 * <p>The OWASP Benchmark is distributed in the hope that it will be useful, but WITHOUT ANY
 * WARRANTY; without even the implied warranty of MERCHANTABILITY or FITNESS FOR A PARTICULAR
 * PURPOSE. See the GNU General Public License for more details.
 *
 * @author Dave Wichers
 * @created 2015
 */
package org.owasp.benchmark.testcode;

import java.io.IOException;
import javax.servlet.ServletException;
import javax.servlet.annotation.WebServlet;
import javax.servlet.http.HttpServlet;
import javax.servlet.http.HttpServletRequest;
import javax.servlet.http.HttpServletResponse;

@WebServlet(value = ""/securecookie-00/BenchmarkTest01281"")
public class BenchmarkTest01281 extends HttpServlet {

    private static final long serialVersionUID = 1L;

    @Override
    public void doGet(HttpServletRequest request, HttpServletResponse response)
            throws ServletException, IOException {
        doPost(request, response);
    }

    @Override
    public void doPost(HttpServletRequest request, HttpServletResponse response)
            throws ServletException, IOException {
        response.setContentType(""text/html;charset=UTF-8"");

        String param = request.getParameter(""BenchmarkTest01281"");
        if (param == null) param = """";

        String bar = new Test().doSomething(request, param);

        byte[] input = new byte[1000];
        String str = ""?"";
        Object inputParam = param;
        if (inputParam instanceof String) str = ((String) inputParam);
        if (inputParam instanceof java.io.InputStream) {
            int i = ((java.io.InputStream) inputParam).read(input);
            if (i == -1) {
                response.getWriter()
                        .println(
                                ""This input source requires a POST, not a GET. Incompatible UI for the InputStream source."");
                return;
            }
            str = new String(input, 0, i);
        }
        if ("""".equals(str)) str = ""No cookie value supplied"";
        javax.servlet.http.Cookie cookie = new javax.servlet.http.Cookie(""SomeCookie"", str);

        cookie.setSecure(false);
        cookie.setHttpOnly(true);
        cookie.setPath(request.getRequestURI()); // i.e., set path to JUST this servlet
        // e.g., /benchmark/sql-01/BenchmarkTest01001
        response.addCookie(cookie);

        response.getWriter()
                .println(
                        ""Created cookie: 'SomeCookie': with value: '""
                                + org.owasp.esapi.ESAPI.encoder().encodeForHTML(str)
                                + ""' and secure flag set to: false"");
    } // end doPost

    private class Test {

        public String doSomething(HttpServletRequest request, String param)
                throws ServletException, IOException {

            String bar = """";
            if (param != null) bar = param.split("" "")[0];

            return bar;
        }
    } // end innerclass Test
} // end DataflowThruInnerClass
", securecookie,614,True
BenchmarkTest00821.java,org.owasp.benchmark.testcode,/securecookie-00/BenchmarkTest00821,Insecure Cookie Handling,"/**
 * OWASP Benchmark Project v1.2
 *
 * <p>This file is part of the Open Web Application Security Project (OWASP) Benchmark Project. For
 * details, please see <a
 * href=""https://owasp.org/www-project-benchmark/"">https://owasp.org/www-project-benchmark/</a>.
 *
 * <p>The OWASP Benchmark is free software: you can redistribute it and/or modify it under the terms
 * of the GNU General Public License as published by the Free Software Foundation, version 2.
 *
 * <p>The OWASP Benchmark is distributed in the hope that it will be useful, but WITHOUT ANY
 * WARRANTY; without even the implied warranty of MERCHANTABILITY or FITNESS FOR A PARTICULAR
 * PURPOSE. See the GNU General Public License for more details.
 *
 * @author Nick Sanidas
 * @created 2015
 */
package org.owasp.benchmark.testcode;

import java.io.IOException;
import javax.servlet.ServletException;
import javax.servlet.annotation.WebServlet;
import javax.servlet.http.HttpServlet;
import javax.servlet.http.HttpServletRequest;
import javax.servlet.http.HttpServletResponse;

@WebServlet(value = ""/securecookie-00/BenchmarkTest00821"")
public class BenchmarkTest00821 extends HttpServlet {

    private static final long serialVersionUID = 1L;

    @Override
    public void doGet(HttpServletRequest request, HttpServletResponse response)
            throws ServletException, IOException {
        doPost(request, response);
    }

    @Override
    public void doPost(HttpServletRequest request, HttpServletResponse response)
            throws ServletException, IOException {
        response.setContentType(""text/html;charset=UTF-8"");

        String queryString = request.getQueryString();
        String paramval = ""BenchmarkTest00821"" + ""="";
        int paramLoc = -1;
        if (queryString != null) paramLoc = queryString.indexOf(paramval);
        if (paramLoc == -1) {
            response.getWriter()
                    .println(
                            ""getQueryString() couldn't find expected parameter '""
                                    + ""BenchmarkTest00821""
                                    + ""' in query string."");
            return;
        }

        String param =
                queryString.substring(
                        paramLoc
                                + paramval
                                        .length()); // 1st assume ""BenchmarkTest00821"" param is last
        // parameter in query string.
        // And then check to see if its in the middle of the query string and if so, trim off what
        // comes after.
        int ampersandLoc = queryString.indexOf(""&"", paramLoc);
        if (ampersandLoc != -1) {
            param = queryString.substring(paramLoc + paramval.length(), ampersandLoc);
        }
        param = java.net.URLDecoder.decode(param, ""UTF-8"");

        String bar = """";
        if (param != null) bar = param.split("" "")[0];

        byte[] input = new byte[1000];
        String str = ""?"";
        Object inputParam = param;
        if (inputParam instanceof String) str = ((String) inputParam);
        if (inputParam instanceof java.io.InputStream) {
            int i = ((java.io.InputStream) inputParam).read(input);
            if (i == -1) {
                response.getWriter()
                        .println(
                                ""This input source requires a POST, not a GET. Incompatible UI for the InputStream source."");
                return;
            }
            str = new String(input, 0, i);
        }
        if ("""".equals(str)) str = ""No cookie value supplied"";
        javax.servlet.http.Cookie cookie = new javax.servlet.http.Cookie(""SomeCookie"", str);

        cookie.setSecure(false);
        cookie.setHttpOnly(true);
        cookie.setPath(request.getRequestURI()); // i.e., set path to JUST this servlet
        // e.g., /benchmark/sql-01/BenchmarkTest01001
        response.addCookie(cookie);

        response.getWriter()
                .println(
                        ""Created cookie: 'SomeCookie': with value: '""
                                + org.owasp.esapi.ESAPI.encoder().encodeForHTML(str)
                                + ""' and secure flag set to: false"");
    }
}
", securecookie,614,True
BenchmarkTest00565.java,org.owasp.benchmark.testcode,/securecookie-00/BenchmarkTest00565,Insecure Cookie Handling,"/**
 * OWASP Benchmark Project v1.2
 *
 * <p>This file is part of the Open Web Application Security Project (OWASP) Benchmark Project. For
 * details, please see <a
 * href=""https://owasp.org/www-project-benchmark/"">https://owasp.org/www-project-benchmark/</a>.
 *
 * <p>The OWASP Benchmark is free software: you can redistribute it and/or modify it under the terms
 * of the GNU General Public License as published by the Free Software Foundation, version 2.
 *
 * <p>The OWASP Benchmark is distributed in the hope that it will be useful, but WITHOUT ANY
 * WARRANTY; without even the implied warranty of MERCHANTABILITY or FITNESS FOR A PARTICULAR
 * PURPOSE. See the GNU General Public License for more details.
 *
 * @author Nick Sanidas
 * @created 2015
 */
package org.owasp.benchmark.testcode;

import java.io.IOException;
import javax.servlet.ServletException;
import javax.servlet.annotation.WebServlet;
import javax.servlet.http.HttpServlet;
import javax.servlet.http.HttpServletRequest;
import javax.servlet.http.HttpServletResponse;

@WebServlet(value = ""/securecookie-00/BenchmarkTest00565"")
public class BenchmarkTest00565 extends HttpServlet {

    private static final long serialVersionUID = 1L;

    @Override
    public void doGet(HttpServletRequest request, HttpServletResponse response)
            throws ServletException, IOException {
        doPost(request, response);
    }

    @Override
    public void doPost(HttpServletRequest request, HttpServletResponse response)
            throws ServletException, IOException {
        response.setContentType(""text/html;charset=UTF-8"");

        String param = """";
        boolean flag = true;
        java.util.Enumeration<String> names = request.getParameterNames();
        while (names.hasMoreElements() && flag) {
            String name = (String) names.nextElement();
            String[] values = request.getParameterValues(name);
            if (values != null) {
                for (int i = 0; i < values.length && flag; i++) {
                    String value = values[i];
                    if (value.equals(""BenchmarkTest00565"")) {
                        param = name;
                        flag = false;
                    }
                }
            }
        }

        String bar = org.owasp.esapi.ESAPI.encoder().encodeForHTML(param);

        byte[] input = new byte[1000];
        String str = ""?"";
        Object inputParam = param;
        if (inputParam instanceof String) str = ((String) inputParam);
        if (inputParam instanceof java.io.InputStream) {
            int i = ((java.io.InputStream) inputParam).read(input);
            if (i == -1) {
                response.getWriter()
                        .println(
                                ""This input source requires a POST, not a GET. Incompatible UI for the InputStream source."");
                return;
            }
            str = new String(input, 0, i);
        }
        if ("""".equals(str)) str = ""No cookie value supplied"";
        javax.servlet.http.Cookie cookie = new javax.servlet.http.Cookie(""SomeCookie"", str);

        cookie.setSecure(false);
        cookie.setHttpOnly(true);
        cookie.setPath(request.getRequestURI()); // i.e., set path to JUST this servlet
        // e.g., /benchmark/sql-01/BenchmarkTest01001
        response.addCookie(cookie);

        response.getWriter()
                .println(
                        ""Created cookie: 'SomeCookie': with value: '""
                                + org.owasp.esapi.ESAPI.encoder().encodeForHTML(str)
                                + ""' and secure flag set to: false"");
    }
}
", securecookie,614,True
BenchmarkTest01185.java,org.owasp.benchmark.testcode,/securecookie-00/BenchmarkTest01185,Insecure Cookie Handling,"/**
 * OWASP Benchmark Project v1.2
 *
 * <p>This file is part of the Open Web Application Security Project (OWASP) Benchmark Project. For
 * details, please see <a
 * href=""https://owasp.org/www-project-benchmark/"">https://owasp.org/www-project-benchmark/</a>.
 *
 * <p>The OWASP Benchmark is free software: you can redistribute it and/or modify it under the terms
 * of the GNU General Public License as published by the Free Software Foundation, version 2.
 *
 * <p>The OWASP Benchmark is distributed in the hope that it will be useful, but WITHOUT ANY
 * WARRANTY; without even the implied warranty of MERCHANTABILITY or FITNESS FOR A PARTICULAR
 * PURPOSE. See the GNU General Public License for more details.
 *
 * @author Dave Wichers
 * @created 2015
 */
package org.owasp.benchmark.testcode;

import java.io.IOException;
import javax.servlet.ServletException;
import javax.servlet.annotation.WebServlet;
import javax.servlet.http.HttpServlet;
import javax.servlet.http.HttpServletRequest;
import javax.servlet.http.HttpServletResponse;

@WebServlet(value = ""/securecookie-00/BenchmarkTest01185"")
public class BenchmarkTest01185 extends HttpServlet {

    private static final long serialVersionUID = 1L;

    @Override
    public void doGet(HttpServletRequest request, HttpServletResponse response)
            throws ServletException, IOException {
        doPost(request, response);
    }

    @Override
    public void doPost(HttpServletRequest request, HttpServletResponse response)
            throws ServletException, IOException {
        response.setContentType(""text/html;charset=UTF-8"");

        String param = """";
        java.util.Enumeration<String> headers = request.getHeaders(""BenchmarkTest01185"");

        if (headers != null && headers.hasMoreElements()) {
            param = headers.nextElement(); // just grab first element
        }

        // URL Decode the header value since req.getHeaders() doesn't. Unlike req.getParameters().
        param = java.net.URLDecoder.decode(param, ""UTF-8"");

        String bar = new Test().doSomething(request, param);

        byte[] input = new byte[1000];
        String str = ""?"";
        Object inputParam = param;
        if (inputParam instanceof String) str = ((String) inputParam);
        if (inputParam instanceof java.io.InputStream) {
            int i = ((java.io.InputStream) inputParam).read(input);
            if (i == -1) {
                response.getWriter()
                        .println(
                                ""This input source requires a POST, not a GET. Incompatible UI for the InputStream source."");
                return;
            }
            str = new String(input, 0, i);
        }
        if ("""".equals(str)) str = ""No cookie value supplied"";
        javax.servlet.http.Cookie cookie = new javax.servlet.http.Cookie(""SomeCookie"", str);

        cookie.setSecure(false);
        cookie.setHttpOnly(true);
        cookie.setPath(request.getRequestURI()); // i.e., set path to JUST this servlet
        // e.g., /benchmark/sql-01/BenchmarkTest01001
        response.addCookie(cookie);

        response.getWriter()
                .println(
                        ""Created cookie: 'SomeCookie': with value: '""
                                + org.owasp.esapi.ESAPI.encoder().encodeForHTML(str)
                                + ""' and secure flag set to: false"");
    } // end doPost

    private class Test {

        public String doSomething(HttpServletRequest request, String param)
                throws ServletException, IOException {

            String bar = """";
            if (param != null) {
                java.util.List<String> valuesList = new java.util.ArrayList<String>();
                valuesList.add(""safe"");
                valuesList.add(param);
                valuesList.add(""moresafe"");

                valuesList.remove(0); // remove the 1st safe value

                bar = valuesList.get(0); // get the param value
            }

            return bar;
        }
    } // end innerclass Test
} // end DataflowThruInnerClass
", securecookie,614,True
BenchmarkTest00203.java,org.owasp.benchmark.testcode,/sqli-00/BenchmarkTest00203,SQL Injection,"/**
 * OWASP Benchmark Project v1.2
 *
 * <p>This file is part of the Open Web Application Security Project (OWASP) Benchmark Project. For
 * details, please see <a
 * href=""https://owasp.org/www-project-benchmark/"">https://owasp.org/www-project-benchmark/</a>.
 *
 * <p>The OWASP Benchmark is free software: you can redistribute it and/or modify it under the terms
 * of the GNU General Public License as published by the Free Software Foundation, version 2.
 *
 * <p>The OWASP Benchmark is distributed in the hope that it will be useful, but WITHOUT ANY
 * WARRANTY; without even the implied warranty of MERCHANTABILITY or FITNESS FOR A PARTICULAR
 * PURPOSE. See the GNU General Public License for more details.
 *
 * @author Nick Sanidas
 * @created 2015
 */
package org.owasp.benchmark.testcode;

import java.io.IOException;
import javax.servlet.ServletException;
import javax.servlet.annotation.WebServlet;
import javax.servlet.http.HttpServlet;
import javax.servlet.http.HttpServletRequest;
import javax.servlet.http.HttpServletResponse;

@WebServlet(value = ""/sqli-00/BenchmarkTest00203"")
public class BenchmarkTest00203 extends HttpServlet {

    private static final long serialVersionUID = 1L;

    @Override
    public void doGet(HttpServletRequest request, HttpServletResponse response)
            throws ServletException, IOException {
        doPost(request, response);
    }

    @Override
    public void doPost(HttpServletRequest request, HttpServletResponse response)
            throws ServletException, IOException {
        response.setContentType(""text/html;charset=UTF-8"");

        String param = """";
        if (request.getHeader(""BenchmarkTest00203"") != null) {
            param = request.getHeader(""BenchmarkTest00203"");
        }

        // URL Decode the header value since req.getHeader() doesn't. Unlike req.getParameter().
        param = java.net.URLDecoder.decode(param, ""UTF-8"");

        String bar;

        // Simple ? condition that assigns param to bar on false condition
        int num = 106;

        bar = (7 * 42) - num > 200 ? ""This should never happen"" : param;

        String sql = ""INSERT INTO users (username, password) VALUES ('foo','"" + bar + ""')"";

        try {
            java.sql.Statement statement =
                    org.owasp.benchmark.helpers.DatabaseHelper.getSqlStatement();
            int count = statement.executeUpdate(sql, new String[] {""USERNAME"", ""PASSWORD""});
            org.owasp.benchmark.helpers.DatabaseHelper.outputUpdateComplete(sql, response);
        } catch (java.sql.SQLException e) {
            if (org.owasp.benchmark.helpers.DatabaseHelper.hideSQLErrors) {
                response.getWriter().println(""Error processing request."");
            } else throw new ServletException(e);
        }
    }
}
", sqli,89,True
BenchmarkTest01214.java,org.owasp.benchmark.testcode,/sqli-02/BenchmarkTest01214,SQL Injection,"/**
 * OWASP Benchmark Project v1.2
 *
 * <p>This file is part of the Open Web Application Security Project (OWASP) Benchmark Project. For
 * details, please see <a
 * href=""https://owasp.org/www-project-benchmark/"">https://owasp.org/www-project-benchmark/</a>.
 *
 * <p>The OWASP Benchmark is free software: you can redistribute it and/or modify it under the terms
 * of the GNU General Public License as published by the Free Software Foundation, version 2.
 *
 * <p>The OWASP Benchmark is distributed in the hope that it will be useful, but WITHOUT ANY
 * WARRANTY; without even the implied warranty of MERCHANTABILITY or FITNESS FOR A PARTICULAR
 * PURPOSE. See the GNU General Public License for more details.
 *
 * @author Dave Wichers
 * @created 2015
 */
package org.owasp.benchmark.testcode;

import java.io.IOException;
import javax.servlet.ServletException;
import javax.servlet.annotation.WebServlet;
import javax.servlet.http.HttpServlet;
import javax.servlet.http.HttpServletRequest;
import javax.servlet.http.HttpServletResponse;

@WebServlet(value = ""/sqli-02/BenchmarkTest01214"")
public class BenchmarkTest01214 extends HttpServlet {

    private static final long serialVersionUID = 1L;

    @Override
    public void doGet(HttpServletRequest request, HttpServletResponse response)
            throws ServletException, IOException {
        doPost(request, response);
    }

    @Override
    public void doPost(HttpServletRequest request, HttpServletResponse response)
            throws ServletException, IOException {
        response.setContentType(""text/html;charset=UTF-8"");

        String param = """";
        java.util.Enumeration<String> headers = request.getHeaders(""BenchmarkTest01214"");

        if (headers != null && headers.hasMoreElements()) {
            param = headers.nextElement(); // just grab first element
        }

        // URL Decode the header value since req.getHeaders() doesn't. Unlike req.getParameters().
        param = java.net.URLDecoder.decode(param, ""UTF-8"");

        String bar = new Test().doSomething(request, param);

        try {
            String sql = ""SELECT * from USERS where USERNAME='foo' and PASSWORD='"" + bar + ""'"";

            org.owasp.benchmark.helpers.DatabaseHelper.JDBCtemplate.batchUpdate(sql);
            response.getWriter()
                    .println(
                            ""No results can be displayed for query: ""
                                    + org.owasp.esapi.ESAPI.encoder().encodeForHTML(sql)
                                    + ""<br>""
                                    + "" because the Spring batchUpdate method doesn't return results."");
            //		System.out.println(""no results for query: "" + sql + "" because the Spring batchUpdate
            // method doesn't return results."");
        } catch (org.springframework.dao.DataAccessException e) {
            if (org.owasp.benchmark.helpers.DatabaseHelper.hideSQLErrors) {
                response.getWriter().println(""Error processing request."");
            } else throw new ServletException(e);
        }
    } // end doPost

    private class Test {

        public String doSomething(HttpServletRequest request, String param)
                throws ServletException, IOException {

            String bar = """";
            if (param != null) {
                java.util.List<String> valuesList = new java.util.ArrayList<String>();
                valuesList.add(""safe"");
                valuesList.add(param);
                valuesList.add(""moresafe"");

                valuesList.remove(0); // remove the 1st safe value

                bar = valuesList.get(0); // get the param value
            }

            return bar;
        }
    } // end innerclass Test
} // end DataflowThruInnerClass
", sqli,89,True
BenchmarkTest00839.java,org.owasp.benchmark.testcode,/sqli-01/BenchmarkTest00839,SQL Injection,"/**
 * OWASP Benchmark Project v1.2
 *
 * <p>This file is part of the Open Web Application Security Project (OWASP) Benchmark Project. For
 * details, please see <a
 * href=""https://owasp.org/www-project-benchmark/"">https://owasp.org/www-project-benchmark/</a>.
 *
 * <p>The OWASP Benchmark is free software: you can redistribute it and/or modify it under the terms
 * of the GNU General Public License as published by the Free Software Foundation, version 2.
 *
 * <p>The OWASP Benchmark is distributed in the hope that it will be useful, but WITHOUT ANY
 * WARRANTY; without even the implied warranty of MERCHANTABILITY or FITNESS FOR A PARTICULAR
 * PURPOSE. See the GNU General Public License for more details.
 *
 * @author Nick Sanidas
 * @created 2015
 */
package org.owasp.benchmark.testcode;

import java.io.IOException;
import javax.servlet.ServletException;
import javax.servlet.annotation.WebServlet;
import javax.servlet.http.HttpServlet;
import javax.servlet.http.HttpServletRequest;
import javax.servlet.http.HttpServletResponse;

@WebServlet(value = ""/sqli-01/BenchmarkTest00839"")
public class BenchmarkTest00839 extends HttpServlet {

    private static final long serialVersionUID = 1L;

    @Override
    public void doGet(HttpServletRequest request, HttpServletResponse response)
            throws ServletException, IOException {
        doPost(request, response);
    }

    @Override
    public void doPost(HttpServletRequest request, HttpServletResponse response)
            throws ServletException, IOException {
        response.setContentType(""text/html;charset=UTF-8"");

        String queryString = request.getQueryString();
        String paramval = ""BenchmarkTest00839"" + ""="";
        int paramLoc = -1;
        if (queryString != null) paramLoc = queryString.indexOf(paramval);
        if (paramLoc == -1) {
            response.getWriter()
                    .println(
                            ""getQueryString() couldn't find expected parameter '""
                                    + ""BenchmarkTest00839""
                                    + ""' in query string."");
            return;
        }

        String param =
                queryString.substring(
                        paramLoc
                                + paramval
                                        .length()); // 1st assume ""BenchmarkTest00839"" param is last
        // parameter in query string.
        // And then check to see if its in the middle of the query string and if so, trim off what
        // comes after.
        int ampersandLoc = queryString.indexOf(""&"", paramLoc);
        if (ampersandLoc != -1) {
            param = queryString.substring(paramLoc + paramval.length(), ampersandLoc);
        }
        param = java.net.URLDecoder.decode(param, ""UTF-8"");

        String bar;

        // Simple ? condition that assigns param to bar on false condition
        int num = 106;

        bar = (7 * 42) - num > 200 ? ""This should never happen"" : param;

        String sql = ""SELECT * from USERS where USERNAME=? and PASSWORD='"" + bar + ""'"";

        try {
            java.sql.Connection connection =
                    org.owasp.benchmark.helpers.DatabaseHelper.getSqlConnection();
            java.sql.PreparedStatement statement =
                    connection.prepareStatement(sql, new String[] {""Column1"", ""Column2""});
            statement.setString(1, ""foo"");
            statement.execute();
            org.owasp.benchmark.helpers.DatabaseHelper.printResults(statement, sql, response);
        } catch (java.sql.SQLException e) {
            if (org.owasp.benchmark.helpers.DatabaseHelper.hideSQLErrors) {
                response.getWriter().println(""Error processing request."");
            } else throw new ServletException(e);
        }
    }
}
", sqli,89,True
BenchmarkTest01379.java,org.owasp.benchmark.testcode,/sqli-02/BenchmarkTest01379,SQL Injection,"/**
 * OWASP Benchmark Project v1.2
 *
 * <p>This file is part of the Open Web Application Security Project (OWASP) Benchmark Project. For
 * details, please see <a
 * href=""https://owasp.org/www-project-benchmark/"">https://owasp.org/www-project-benchmark/</a>.
 *
 * <p>The OWASP Benchmark is free software: you can redistribute it and/or modify it under the terms
 * of the GNU General Public License as published by the Free Software Foundation, version 2.
 *
 * <p>The OWASP Benchmark is distributed in the hope that it will be useful, but WITHOUT ANY
 * WARRANTY; without even the implied warranty of MERCHANTABILITY or FITNESS FOR A PARTICULAR
 * PURPOSE. See the GNU General Public License for more details.
 *
 * @author Dave Wichers
 * @created 2015
 */
package org.owasp.benchmark.testcode;

import java.io.IOException;
import javax.servlet.ServletException;
import javax.servlet.annotation.WebServlet;
import javax.servlet.http.HttpServlet;
import javax.servlet.http.HttpServletRequest;
import javax.servlet.http.HttpServletResponse;

@WebServlet(value = ""/sqli-02/BenchmarkTest01379"")
public class BenchmarkTest01379 extends HttpServlet {

    private static final long serialVersionUID = 1L;

    @Override
    public void doGet(HttpServletRequest request, HttpServletResponse response)
            throws ServletException, IOException {
        doPost(request, response);
    }

    @Override
    public void doPost(HttpServletRequest request, HttpServletResponse response)
            throws ServletException, IOException {
        response.setContentType(""text/html;charset=UTF-8"");

        java.util.Map<String, String[]> map = request.getParameterMap();
        String param = """";
        if (!map.isEmpty()) {
            String[] values = map.get(""BenchmarkTest01379"");
            if (values != null) param = values[0];
        }

        String bar = new Test().doSomething(request, param);

        String sql = ""{call "" + bar + ""}"";

        try {
            java.sql.Connection connection =
                    org.owasp.benchmark.helpers.DatabaseHelper.getSqlConnection();
            java.sql.CallableStatement statement =
                    connection.prepareCall(
                            sql,
                            java.sql.ResultSet.TYPE_FORWARD_ONLY,
                            java.sql.ResultSet.CONCUR_READ_ONLY,
                            java.sql.ResultSet.CLOSE_CURSORS_AT_COMMIT);
            java.sql.ResultSet rs = statement.executeQuery();
            org.owasp.benchmark.helpers.DatabaseHelper.printResults(rs, sql, response);
        } catch (java.sql.SQLException e) {
            if (org.owasp.benchmark.helpers.DatabaseHelper.hideSQLErrors) {
                response.getWriter().println(""Error processing request."");
            } else throw new ServletException(e);
        }
    } // end doPost

    private class Test {

        public String doSomething(HttpServletRequest request, String param)
                throws ServletException, IOException {

            String bar = """";
            if (param != null) {
                java.util.List<String> valuesList = new java.util.ArrayList<String>();
                valuesList.add(""safe"");
                valuesList.add(param);
                valuesList.add(""moresafe"");

                valuesList.remove(0); // remove the 1st safe value

                bar = valuesList.get(0); // get the param value
            }

            return bar;
        }
    } // end innerclass Test
} // end DataflowThruInnerClass
", sqli,89,True
BenchmarkTest02088.java,org.owasp.benchmark.testcode,/sqli-04/BenchmarkTest02088,SQL Injection,"/**
 * OWASP Benchmark Project v1.2
 *
 * <p>This file is part of the Open Web Application Security Project (OWASP) Benchmark Project. For
 * details, please see <a
 * href=""https://owasp.org/www-project-benchmark/"">https://owasp.org/www-project-benchmark/</a>.
 *
 * <p>The OWASP Benchmark is free software: you can redistribute it and/or modify it under the terms
 * of the GNU General Public License as published by the Free Software Foundation, version 2.
 *
 * <p>The OWASP Benchmark is distributed in the hope that it will be useful, but WITHOUT ANY
 * WARRANTY; without even the implied warranty of MERCHANTABILITY or FITNESS FOR A PARTICULAR
 * PURPOSE. See the GNU General Public License for more details.
 *
 * @author Nick Sanidas
 * @created 2015
 */
package org.owasp.benchmark.testcode;

import java.io.IOException;
import javax.servlet.ServletException;
import javax.servlet.annotation.WebServlet;
import javax.servlet.http.HttpServlet;
import javax.servlet.http.HttpServletRequest;
import javax.servlet.http.HttpServletResponse;

@WebServlet(value = ""/sqli-04/BenchmarkTest02088"")
public class BenchmarkTest02088 extends HttpServlet {

    private static final long serialVersionUID = 1L;

    @Override
    public void doGet(HttpServletRequest request, HttpServletResponse response)
            throws ServletException, IOException {
        doPost(request, response);
    }

    @Override
    public void doPost(HttpServletRequest request, HttpServletResponse response)
            throws ServletException, IOException {
        response.setContentType(""text/html;charset=UTF-8"");

        String param = """";
        java.util.Enumeration<String> headers = request.getHeaders(""BenchmarkTest02088"");

        if (headers != null && headers.hasMoreElements()) {
            param = headers.nextElement(); // just grab first element
        }

        // URL Decode the header value since req.getHeaders() doesn't. Unlike req.getParameters().
        param = java.net.URLDecoder.decode(param, ""UTF-8"");

        String bar = doSomething(request, param);

        String sql = ""SELECT * from USERS where USERNAME=? and PASSWORD='"" + bar + ""'"";

        try {
            java.sql.Connection connection =
                    org.owasp.benchmark.helpers.DatabaseHelper.getSqlConnection();
            java.sql.PreparedStatement statement =
                    connection.prepareStatement(
                            sql,
                            java.sql.ResultSet.TYPE_FORWARD_ONLY,
                            java.sql.ResultSet.CONCUR_READ_ONLY);
            statement.setString(1, ""foo"");
            statement.execute();
            org.owasp.benchmark.helpers.DatabaseHelper.printResults(statement, sql, response);
        } catch (java.sql.SQLException e) {
            if (org.owasp.benchmark.helpers.DatabaseHelper.hideSQLErrors) {
                response.getWriter().println(""Error processing request."");
            } else throw new ServletException(e);
        }
    } // end doPost

    private static String doSomething(HttpServletRequest request, String param)
            throws ServletException, IOException {

        org.owasp.benchmark.helpers.ThingInterface thing =
                org.owasp.benchmark.helpers.ThingFactory.createThing();
        String bar = thing.doSomething(param);

        return bar;
    }
}
", sqli,89,True
BenchmarkTest01396.java,org.owasp.benchmark.testcode,/sqli-03/BenchmarkTest01396,SQL Injection,"/**
 * OWASP Benchmark Project v1.2
 *
 * <p>This file is part of the Open Web Application Security Project (OWASP) Benchmark Project. For
 * details, please see <a
 * href=""https://owasp.org/www-project-benchmark/"">https://owasp.org/www-project-benchmark/</a>.
 *
 * <p>The OWASP Benchmark is free software: you can redistribute it and/or modify it under the terms
 * of the GNU General Public License as published by the Free Software Foundation, version 2.
 *
 * <p>The OWASP Benchmark is distributed in the hope that it will be useful, but WITHOUT ANY
 * WARRANTY; without even the implied warranty of MERCHANTABILITY or FITNESS FOR A PARTICULAR
 * PURPOSE. See the GNU General Public License for more details.
 *
 * @author Dave Wichers
 * @created 2015
 */
package org.owasp.benchmark.testcode;

import java.io.IOException;
import javax.servlet.ServletException;
import javax.servlet.annotation.WebServlet;
import javax.servlet.http.HttpServlet;
import javax.servlet.http.HttpServletRequest;
import javax.servlet.http.HttpServletResponse;

@WebServlet(value = ""/sqli-03/BenchmarkTest01396"")
public class BenchmarkTest01396 extends HttpServlet {

    private static final long serialVersionUID = 1L;

    @Override
    public void doGet(HttpServletRequest request, HttpServletResponse response)
            throws ServletException, IOException {
        doPost(request, response);
    }

    @Override
    public void doPost(HttpServletRequest request, HttpServletResponse response)
            throws ServletException, IOException {
        response.setContentType(""text/html;charset=UTF-8"");

        java.util.Map<String, String[]> map = request.getParameterMap();
        String param = """";
        if (!map.isEmpty()) {
            String[] values = map.get(""BenchmarkTest01396"");
            if (values != null) param = values[0];
        }

        String bar = new Test().doSomething(request, param);

        String sql = ""INSERT INTO users (username, password) VALUES ('foo','"" + bar + ""')"";

        try {
            java.sql.Statement statement =
                    org.owasp.benchmark.helpers.DatabaseHelper.getSqlStatement();
            int count = statement.executeUpdate(sql, new String[] {""USERNAME"", ""PASSWORD""});
            org.owasp.benchmark.helpers.DatabaseHelper.outputUpdateComplete(sql, response);
        } catch (java.sql.SQLException e) {
            if (org.owasp.benchmark.helpers.DatabaseHelper.hideSQLErrors) {
                response.getWriter().println(""Error processing request."");
            } else throw new ServletException(e);
        }
    } // end doPost

    private class Test {

        public String doSomething(HttpServletRequest request, String param)
                throws ServletException, IOException {

            org.owasp.benchmark.helpers.ThingInterface thing =
                    org.owasp.benchmark.helpers.ThingFactory.createThing();
            String bar = thing.doSomething(param);

            return bar;
        }
    } // end innerclass Test
} // end DataflowThruInnerClass
", sqli,89,True
BenchmarkTest02181.java,org.owasp.benchmark.testcode,/sqli-04/BenchmarkTest02181,SQL Injection,"/**
 * OWASP Benchmark Project v1.2
 *
 * <p>This file is part of the Open Web Application Security Project (OWASP) Benchmark Project. For
 * details, please see <a
 * href=""https://owasp.org/www-project-benchmark/"">https://owasp.org/www-project-benchmark/</a>.
 *
 * <p>The OWASP Benchmark is free software: you can redistribute it and/or modify it under the terms
 * of the GNU General Public License as published by the Free Software Foundation, version 2.
 *
 * <p>The OWASP Benchmark is distributed in the hope that it will be useful, but WITHOUT ANY
 * WARRANTY; without even the implied warranty of MERCHANTABILITY or FITNESS FOR A PARTICULAR
 * PURPOSE. See the GNU General Public License for more details.
 *
 * @author Nick Sanidas
 * @created 2015
 */
package org.owasp.benchmark.testcode;

import java.io.IOException;
import javax.servlet.ServletException;
import javax.servlet.annotation.WebServlet;
import javax.servlet.http.HttpServlet;
import javax.servlet.http.HttpServletRequest;
import javax.servlet.http.HttpServletResponse;

@WebServlet(value = ""/sqli-04/BenchmarkTest02181"")
public class BenchmarkTest02181 extends HttpServlet {

    private static final long serialVersionUID = 1L;

    @Override
    public void doGet(HttpServletRequest request, HttpServletResponse response)
            throws ServletException, IOException {
        doPost(request, response);
    }

    @Override
    public void doPost(HttpServletRequest request, HttpServletResponse response)
            throws ServletException, IOException {
        response.setContentType(""text/html;charset=UTF-8"");

        String param = request.getParameter(""BenchmarkTest02181"");
        if (param == null) param = """";

        String bar = doSomething(request, param);

        String sql =
                ""SELECT TOP 1 userid from USERS where USERNAME='foo' and PASSWORD='"" + bar + ""'"";
        try {
            java.util.Map<String, Object> results =
                    org.owasp.benchmark.helpers.DatabaseHelper.JDBCtemplate.queryForMap(sql);
            response.getWriter().println(""Your results are: "");

            response.getWriter()
                    .println(org.owasp.esapi.ESAPI.encoder().encodeForHTML(results.toString()));
        } catch (org.springframework.dao.EmptyResultDataAccessException e) {
            response.getWriter()
                    .println(
                            ""No results returned for query: ""
                                    + org.owasp.esapi.ESAPI.encoder().encodeForHTML(sql));
        } catch (org.springframework.dao.DataAccessException e) {
            if (org.owasp.benchmark.helpers.DatabaseHelper.hideSQLErrors) {
                response.getWriter().println(""Error processing request."");
            } else throw new ServletException(e);
        }
    } // end doPost

    private static String doSomething(HttpServletRequest request, String param)
            throws ServletException, IOException {

        String bar = param;

        return bar;
    }
}
", sqli,89,True
BenchmarkTest00439.java,org.owasp.benchmark.testcode,/sqli-00/BenchmarkTest00439,SQL Injection,"/**
 * OWASP Benchmark Project v1.2
 *
 * <p>This file is part of the Open Web Application Security Project (OWASP) Benchmark Project. For
 * details, please see <a
 * href=""https://owasp.org/www-project-benchmark/"">https://owasp.org/www-project-benchmark/</a>.
 *
 * <p>The OWASP Benchmark is free software: you can redistribute it and/or modify it under the terms
 * of the GNU General Public License as published by the Free Software Foundation, version 2.
 *
 * <p>The OWASP Benchmark is distributed in the hope that it will be useful, but WITHOUT ANY
 * WARRANTY; without even the implied warranty of MERCHANTABILITY or FITNESS FOR A PARTICULAR
 * PURPOSE. See the GNU General Public License for more details.
 *
 * @author Nick Sanidas
 * @created 2015
 */
package org.owasp.benchmark.testcode;

import java.io.IOException;
import javax.servlet.ServletException;
import javax.servlet.annotation.WebServlet;
import javax.servlet.http.HttpServlet;
import javax.servlet.http.HttpServletRequest;
import javax.servlet.http.HttpServletResponse;

@WebServlet(value = ""/sqli-00/BenchmarkTest00439"")
public class BenchmarkTest00439 extends HttpServlet {

    private static final long serialVersionUID = 1L;

    @Override
    public void doGet(HttpServletRequest request, HttpServletResponse response)
            throws ServletException, IOException {
        doPost(request, response);
    }

    @Override
    public void doPost(HttpServletRequest request, HttpServletResponse response)
            throws ServletException, IOException {
        response.setContentType(""text/html;charset=UTF-8"");

        String param = request.getParameter(""BenchmarkTest00439"");
        if (param == null) param = """";

        String bar = param;

        String sql = ""SELECT * from USERS where USERNAME='foo' and PASSWORD='"" + bar + ""'"";

        try {
            java.sql.Statement statement =
                    org.owasp.benchmark.helpers.DatabaseHelper.getSqlStatement();
            java.sql.ResultSet rs = statement.executeQuery(sql);
            org.owasp.benchmark.helpers.DatabaseHelper.printResults(rs, sql, response);
        } catch (java.sql.SQLException e) {
            if (org.owasp.benchmark.helpers.DatabaseHelper.hideSQLErrors) {
                response.getWriter().println(""Error processing request."");
            } else throw new ServletException(e);
        }
    }
}
", sqli,89,True
BenchmarkTest01621.java,org.owasp.benchmark.testcode,/sqli-03/BenchmarkTest01621,SQL Injection,"/**
 * OWASP Benchmark Project v1.2
 *
 * <p>This file is part of the Open Web Application Security Project (OWASP) Benchmark Project. For
 * details, please see <a
 * href=""https://owasp.org/www-project-benchmark/"">https://owasp.org/www-project-benchmark/</a>.
 *
 * <p>The OWASP Benchmark is free software: you can redistribute it and/or modify it under the terms
 * of the GNU General Public License as published by the Free Software Foundation, version 2.
 *
 * <p>The OWASP Benchmark is distributed in the hope that it will be useful, but WITHOUT ANY
 * WARRANTY; without even the implied warranty of MERCHANTABILITY or FITNESS FOR A PARTICULAR
 * PURPOSE. See the GNU General Public License for more details.
 *
 * @author Dave Wichers
 * @created 2015
 */
package org.owasp.benchmark.testcode;

import java.io.IOException;
import javax.servlet.ServletException;
import javax.servlet.annotation.WebServlet;
import javax.servlet.http.HttpServlet;
import javax.servlet.http.HttpServletRequest;
import javax.servlet.http.HttpServletResponse;

@WebServlet(value = ""/sqli-03/BenchmarkTest01621"")
public class BenchmarkTest01621 extends HttpServlet {

    private static final long serialVersionUID = 1L;

    @Override
    public void doGet(HttpServletRequest request, HttpServletResponse response)
            throws ServletException, IOException {
        doPost(request, response);
    }

    @Override
    public void doPost(HttpServletRequest request, HttpServletResponse response)
            throws ServletException, IOException {
        response.setContentType(""text/html;charset=UTF-8"");

        String[] values = request.getParameterValues(""BenchmarkTest01621"");
        String param;
        if (values != null && values.length > 0) param = values[0];
        else param = """";

        String bar = new Test().doSomething(request, param);

        String sql = ""{call "" + bar + ""}"";

        try {
            java.sql.Connection connection =
                    org.owasp.benchmark.helpers.DatabaseHelper.getSqlConnection();
            java.sql.CallableStatement statement =
                    connection.prepareCall(
                            sql,
                            java.sql.ResultSet.TYPE_FORWARD_ONLY,
                            java.sql.ResultSet.CONCUR_READ_ONLY);
            java.sql.ResultSet rs = statement.executeQuery();
            org.owasp.benchmark.helpers.DatabaseHelper.printResults(rs, sql, response);
        } catch (java.sql.SQLException e) {
            if (org.owasp.benchmark.helpers.DatabaseHelper.hideSQLErrors) {
                response.getWriter().println(""Error processing request."");
            } else throw new ServletException(e);
        }
    } // end doPost

    private class Test {

        public String doSomething(HttpServletRequest request, String param)
                throws ServletException, IOException {

            String bar;

            // Simple ? condition that assigns param to bar on false condition
            int num = 106;

            bar = (7 * 42) - num > 200 ? ""This should never happen"" : param;

            return bar;
        }
    } // end innerclass Test
} // end DataflowThruInnerClass
", sqli,89,True
BenchmarkTest02537.java,org.owasp.benchmark.testcode,/sqli-05/BenchmarkTest02537,SQL Injection,"/**
 * OWASP Benchmark Project v1.2
 *
 * <p>This file is part of the Open Web Application Security Project (OWASP) Benchmark Project. For
 * details, please see <a
 * href=""https://owasp.org/www-project-benchmark/"">https://owasp.org/www-project-benchmark/</a>.
 *
 * <p>The OWASP Benchmark is free software: you can redistribute it and/or modify it under the terms
 * of the GNU General Public License as published by the Free Software Foundation, version 2.
 *
 * <p>The OWASP Benchmark is distributed in the hope that it will be useful, but WITHOUT ANY
 * WARRANTY; without even the implied warranty of MERCHANTABILITY or FITNESS FOR A PARTICULAR
 * PURPOSE. See the GNU General Public License for more details.
 *
 * @author Nick Sanidas
 * @created 2015
 */
package org.owasp.benchmark.testcode;

import java.io.IOException;
import javax.servlet.ServletException;
import javax.servlet.annotation.WebServlet;
import javax.servlet.http.HttpServlet;
import javax.servlet.http.HttpServletRequest;
import javax.servlet.http.HttpServletResponse;

@WebServlet(value = ""/sqli-05/BenchmarkTest02537"")
public class BenchmarkTest02537 extends HttpServlet {

    private static final long serialVersionUID = 1L;

    @Override
    public void doGet(HttpServletRequest request, HttpServletResponse response)
            throws ServletException, IOException {
        doPost(request, response);
    }

    @Override
    public void doPost(HttpServletRequest request, HttpServletResponse response)
            throws ServletException, IOException {
        response.setContentType(""text/html;charset=UTF-8"");

        String[] values = request.getParameterValues(""BenchmarkTest02537"");
        String param;
        if (values != null && values.length > 0) param = values[0];
        else param = """";

        String bar = doSomething(request, param);

        try {
            String sql = ""SELECT * from USERS where USERNAME='foo' and PASSWORD='"" + bar + ""'"";

            org.owasp.benchmark.helpers.DatabaseHelper.JDBCtemplate.batchUpdate(sql);
            response.getWriter()
                    .println(
                            ""No results can be displayed for query: ""
                                    + org.owasp.esapi.ESAPI.encoder().encodeForHTML(sql)
                                    + ""<br>""
                                    + "" because the Spring batchUpdate method doesn't return results."");
            //		System.out.println(""no results for query: "" + sql + "" because the Spring batchUpdate
            // method doesn't return results."");
        } catch (org.springframework.dao.DataAccessException e) {
            if (org.owasp.benchmark.helpers.DatabaseHelper.hideSQLErrors) {
                response.getWriter().println(""Error processing request."");
            } else throw new ServletException(e);
        }
    } // end doPost

    private static String doSomething(HttpServletRequest request, String param)
            throws ServletException, IOException {

        String bar;

        // Simple if statement that assigns param to bar on true condition
        int num = 196;
        if ((500 / 42) + num > 200) bar = param;
        else bar = ""This should never happen"";

        return bar;
    }
}
", sqli,89,True
BenchmarkTest01082.java,org.owasp.benchmark.testcode,/trustbound-00/BenchmarkTest01082,Trust Boundary Violation,"/**
 * OWASP Benchmark Project v1.2
 *
 * <p>This file is part of the Open Web Application Security Project (OWASP) Benchmark Project. For
 * details, please see <a
 * href=""https://owasp.org/www-project-benchmark/"">https://owasp.org/www-project-benchmark/</a>.
 *
 * <p>The OWASP Benchmark is free software: you can redistribute it and/or modify it under the terms
 * of the GNU General Public License as published by the Free Software Foundation, version 2.
 *
 * <p>The OWASP Benchmark is distributed in the hope that it will be useful, but WITHOUT ANY
 * WARRANTY; without even the implied warranty of MERCHANTABILITY or FITNESS FOR A PARTICULAR
 * PURPOSE. See the GNU General Public License for more details.
 *
 * @author Dave Wichers
 * @created 2015
 */
package org.owasp.benchmark.testcode;

import java.io.IOException;
import javax.servlet.ServletException;
import javax.servlet.annotation.WebServlet;
import javax.servlet.http.HttpServlet;
import javax.servlet.http.HttpServletRequest;
import javax.servlet.http.HttpServletResponse;

@WebServlet(value = ""/trustbound-00/BenchmarkTest01082"")
public class BenchmarkTest01082 extends HttpServlet {

    private static final long serialVersionUID = 1L;

    @Override
    public void doGet(HttpServletRequest request, HttpServletResponse response)
            throws ServletException, IOException {
        doPost(request, response);
    }

    @Override
    public void doPost(HttpServletRequest request, HttpServletResponse response)
            throws ServletException, IOException {
        response.setContentType(""text/html;charset=UTF-8"");

        String param = """";
        if (request.getHeader(""BenchmarkTest01082"") != null) {
            param = request.getHeader(""BenchmarkTest01082"");
        }

        // URL Decode the header value since req.getHeader() doesn't. Unlike req.getParameter().
        param = java.net.URLDecoder.decode(param, ""UTF-8"");

        String bar = new Test().doSomething(request, param);

        // javax.servlet.http.HttpSession.setAttribute(java.lang.String^,java.lang.Object)
        request.getSession().setAttribute(bar, ""10340"");

        response.getWriter()
                .println(
                        ""Item: '""
                                + org.owasp.benchmark.helpers.Utils.encodeForHTML(bar)
                                + ""' with value: '10340' saved in session."");
    } // end doPost

    private class Test {

        public String doSomething(HttpServletRequest request, String param)
                throws ServletException, IOException {

            String bar = param;
            if (param != null && param.length() > 1) {
                bar = param.substring(0, param.length() - 1);
            }

            return bar;
        }
    } // end innerclass Test
} // end DataflowThruInnerClass
", trustbound,501,True
BenchmarkTest00004.java,org.owasp.benchmark.testcode,/trustbound-00/BenchmarkTest00004,Trust Boundary Violation,"/**
 * OWASP Benchmark v1.2
 *
 * <p>This file is part of the Open Web Application Security Project (OWASP) Benchmark Project. For
 * details, please see <a
 * href=""https://owasp.org/www-project-benchmark/"">https://owasp.org/www-project-benchmark/</a>.
 *
 * <p>The OWASP Benchmark is free software: you can redistribute it and/or modify it under the terms
 * of the GNU General Public License as published by the Free Software Foundation, version 2.
 *
 * <p>The OWASP Benchmark is distributed in the hope that it will be useful, but WITHOUT ANY
 * WARRANTY; without even the implied warranty of MERCHANTABILITY or FITNESS FOR A PARTICULAR
 * PURPOSE. See the GNU General Public License for more details.
 *
 * @author Dave Wichers
 * @created 2015
 */
package org.owasp.benchmark.testcode;

import java.io.IOException;
import javax.servlet.ServletException;
import javax.servlet.annotation.WebServlet;
import javax.servlet.http.HttpServlet;
import javax.servlet.http.HttpServletRequest;
import javax.servlet.http.HttpServletResponse;

@WebServlet(value = ""/trustbound-00/BenchmarkTest00004"")
public class BenchmarkTest00004 extends HttpServlet {

    private static final long serialVersionUID = 1L;

    @Override
    public void doGet(HttpServletRequest request, HttpServletResponse response)
            throws ServletException, IOException {
        response.setContentType(""text/html;charset=UTF-8"");
        javax.servlet.http.Cookie userCookie =
                new javax.servlet.http.Cookie(""BenchmarkTest00004"", ""color"");
        userCookie.setMaxAge(60 * 3); // Store cookie for 3 minutes
        userCookie.setSecure(true);
        userCookie.setHttpOnly(true);
        userCookie.setPath(request.getRequestURI());
        userCookie.setDomain(new java.net.URL(request.getRequestURL().toString()).getHost());
        response.addCookie(userCookie);
        javax.servlet.RequestDispatcher rd =
                request.getRequestDispatcher(""/trustbound-00/BenchmarkTest00004.html"");
        rd.include(request, response);
    }

    @Override
    public void doPost(HttpServletRequest request, HttpServletResponse response)
            throws ServletException, IOException {
        // some code
        response.setContentType(""text/html;charset=UTF-8"");

        javax.servlet.http.Cookie[] theCookies = request.getCookies();

        String param = ""noCookieValueSupplied"";
        if (theCookies != null) {
            for (javax.servlet.http.Cookie theCookie : theCookies) {
                if (theCookie.getName().equals(""BenchmarkTest00004"")) {
                    param = java.net.URLDecoder.decode(theCookie.getValue(), ""UTF-8"");
                    break;
                }
            }
        }

        // javax.servlet.http.HttpSession.setAttribute(java.lang.String^,java.lang.Object)
        request.getSession().setAttribute(param, ""10340"");

        response.getWriter()
                .println(
                        ""Item: '""
                                + org.owasp.benchmark.helpers.Utils.encodeForHTML(param)
                                + ""' with value: '10340' saved in session."");
    }
}
", trustbound,501,True
BenchmarkTest00759.java,org.owasp.benchmark.testcode,/trustbound-00/BenchmarkTest00759,Trust Boundary Violation,"/**
 * OWASP Benchmark Project v1.2
 *
 * <p>This file is part of the Open Web Application Security Project (OWASP) Benchmark Project. For
 * details, please see <a
 * href=""https://owasp.org/www-project-benchmark/"">https://owasp.org/www-project-benchmark/</a>.
 *
 * <p>The OWASP Benchmark is free software: you can redistribute it and/or modify it under the terms
 * of the GNU General Public License as published by the Free Software Foundation, version 2.
 *
 * <p>The OWASP Benchmark is distributed in the hope that it will be useful, but WITHOUT ANY
 * WARRANTY; without even the implied warranty of MERCHANTABILITY or FITNESS FOR A PARTICULAR
 * PURPOSE. See the GNU General Public License for more details.
 *
 * @author Nick Sanidas
 * @created 2015
 */
package org.owasp.benchmark.testcode;

import java.io.IOException;
import javax.servlet.ServletException;
import javax.servlet.annotation.WebServlet;
import javax.servlet.http.HttpServlet;
import javax.servlet.http.HttpServletRequest;
import javax.servlet.http.HttpServletResponse;

@WebServlet(value = ""/trustbound-00/BenchmarkTest00759"")
public class BenchmarkTest00759 extends HttpServlet {

    private static final long serialVersionUID = 1L;

    @Override
    public void doGet(HttpServletRequest request, HttpServletResponse response)
            throws ServletException, IOException {
        doPost(request, response);
    }

    @Override
    public void doPost(HttpServletRequest request, HttpServletResponse response)
            throws ServletException, IOException {
        response.setContentType(""text/html;charset=UTF-8"");

        String[] values = request.getParameterValues(""BenchmarkTest00759"");
        String param;
        if (values != null && values.length > 0) param = values[0];
        else param = """";

        String bar = param;
        if (param != null && param.length() > 1) {
            bar = param.substring(0, param.length() - 1);
        }

        // javax.servlet.http.HttpSession.setAttribute(java.lang.String,java.lang.Object^)
        request.getSession().setAttribute(""userid"", bar);

        response.getWriter()
                .println(
                        ""Item: 'userid' with value: '""
                                + org.owasp.benchmark.helpers.Utils.encodeForHTML(bar)
                                + ""' saved in session."");
    }
}
", trustbound,501,True
BenchmarkTest01143.java,org.owasp.benchmark.testcode,/trustbound-00/BenchmarkTest01143,Trust Boundary Violation,"/**
 * OWASP Benchmark Project v1.2
 *
 * <p>This file is part of the Open Web Application Security Project (OWASP) Benchmark Project. For
 * details, please see <a
 * href=""https://owasp.org/www-project-benchmark/"">https://owasp.org/www-project-benchmark/</a>.
 *
 * <p>The OWASP Benchmark is free software: you can redistribute it and/or modify it under the terms
 * of the GNU General Public License as published by the Free Software Foundation, version 2.
 *
 * <p>The OWASP Benchmark is distributed in the hope that it will be useful, but WITHOUT ANY
 * WARRANTY; without even the implied warranty of MERCHANTABILITY or FITNESS FOR A PARTICULAR
 * PURPOSE. See the GNU General Public License for more details.
 *
 * @author Dave Wichers
 * @created 2015
 */
package org.owasp.benchmark.testcode;

import java.io.IOException;
import javax.servlet.ServletException;
import javax.servlet.annotation.WebServlet;
import javax.servlet.http.HttpServlet;
import javax.servlet.http.HttpServletRequest;
import javax.servlet.http.HttpServletResponse;

@WebServlet(value = ""/trustbound-00/BenchmarkTest01143"")
public class BenchmarkTest01143 extends HttpServlet {

    private static final long serialVersionUID = 1L;

    @Override
    public void doGet(HttpServletRequest request, HttpServletResponse response)
            throws ServletException, IOException {
        doPost(request, response);
    }

    @Override
    public void doPost(HttpServletRequest request, HttpServletResponse response)
            throws ServletException, IOException {
        response.setContentType(""text/html;charset=UTF-8"");

        String param = """";
        java.util.Enumeration<String> names = request.getHeaderNames();
        while (names.hasMoreElements()) {
            String name = (String) names.nextElement();

            if (org.owasp.benchmark.helpers.Utils.commonHeaders.contains(name)) {
                continue; // If standard header, move on to next one
            }

            java.util.Enumeration<String> values = request.getHeaders(name);
            if (values != null && values.hasMoreElements()) {
                param = name; // Grabs the name of the first non-standard header as the parameter
                // value
                break;
            }
        }
        // Note: We don't URL decode header names because people don't normally do that

        String bar = new Test().doSomething(request, param);

        // javax.servlet.http.HttpSession.putValue(java.lang.String,java.lang.Object^)
        request.getSession().putValue(""userid"", bar);

        response.getWriter()
                .println(
                        ""Item: 'userid' with value: '""
                                + org.owasp.benchmark.helpers.Utils.encodeForHTML(bar)
                                + ""' saved in session."");
    } // end doPost

    private class Test {

        public String doSomething(HttpServletRequest request, String param)
                throws ServletException, IOException {

            StringBuilder sbxyz70712 = new StringBuilder(param);
            String bar = sbxyz70712.append(""_SafeStuff"").toString();

            return bar;
        }
    } // end innerclass Test
} // end DataflowThruInnerClass
", trustbound,501,True
BenchmarkTest00671.java,org.owasp.benchmark.testcode,/trustbound-00/BenchmarkTest00671,Trust Boundary Violation,"/**
 * OWASP Benchmark Project v1.2
 *
 * <p>This file is part of the Open Web Application Security Project (OWASP) Benchmark Project. For
 * details, please see <a
 * href=""https://owasp.org/www-project-benchmark/"">https://owasp.org/www-project-benchmark/</a>.
 *
 * <p>The OWASP Benchmark is free software: you can redistribute it and/or modify it under the terms
 * of the GNU General Public License as published by the Free Software Foundation, version 2.
 *
 * <p>The OWASP Benchmark is distributed in the hope that it will be useful, but WITHOUT ANY
 * WARRANTY; without even the implied warranty of MERCHANTABILITY or FITNESS FOR A PARTICULAR
 * PURPOSE. See the GNU General Public License for more details.
 *
 * @author Nick Sanidas
 * @created 2015
 */
package org.owasp.benchmark.testcode;

import java.io.IOException;
import javax.servlet.ServletException;
import javax.servlet.annotation.WebServlet;
import javax.servlet.http.HttpServlet;
import javax.servlet.http.HttpServletRequest;
import javax.servlet.http.HttpServletResponse;

@WebServlet(value = ""/trustbound-00/BenchmarkTest00671"")
public class BenchmarkTest00671 extends HttpServlet {

    private static final long serialVersionUID = 1L;

    @Override
    public void doGet(HttpServletRequest request, HttpServletResponse response)
            throws ServletException, IOException {
        doPost(request, response);
    }

    @Override
    public void doPost(HttpServletRequest request, HttpServletResponse response)
            throws ServletException, IOException {
        response.setContentType(""text/html;charset=UTF-8"");

        org.owasp.benchmark.helpers.SeparateClassRequest scr =
                new org.owasp.benchmark.helpers.SeparateClassRequest(request);
        String param = scr.getTheParameter(""BenchmarkTest00671"");
        if (param == null) param = """";

        String bar;

        // Simple if statement that assigns param to bar on true condition
        int num = 196;
        if ((500 / 42) + num > 200) bar = param;
        else bar = ""This should never happen"";

        // javax.servlet.http.HttpSession.putValue(java.lang.String^,java.lang.Object)
        request.getSession().putValue(bar, ""10340"");

        response.getWriter()
                .println(
                        ""Item: '""
                                + org.owasp.benchmark.helpers.Utils.encodeForHTML(bar)
                                + ""' with value: 10340 saved in session."");
    }
}
", trustbound,501,True
BenchmarkTest00995.java,org.owasp.benchmark.testcode,/trustbound-00/BenchmarkTest00995,Trust Boundary Violation,"/**
 * OWASP Benchmark Project v1.2
 *
 * <p>This file is part of the Open Web Application Security Project (OWASP) Benchmark Project. For
 * details, please see <a
 * href=""https://owasp.org/www-project-benchmark/"">https://owasp.org/www-project-benchmark/</a>.
 *
 * <p>The OWASP Benchmark is free software: you can redistribute it and/or modify it under the terms
 * of the GNU General Public License as published by the Free Software Foundation, version 2.
 *
 * <p>The OWASP Benchmark is distributed in the hope that it will be useful, but WITHOUT ANY
 * WARRANTY; without even the implied warranty of MERCHANTABILITY or FITNESS FOR A PARTICULAR
 * PURPOSE. See the GNU General Public License for more details.
 *
 * @author Dave Wichers
 * @created 2015
 */
package org.owasp.benchmark.testcode;

import java.io.IOException;
import javax.servlet.ServletException;
import javax.servlet.annotation.WebServlet;
import javax.servlet.http.HttpServlet;
import javax.servlet.http.HttpServletRequest;
import javax.servlet.http.HttpServletResponse;

@WebServlet(value = ""/trustbound-00/BenchmarkTest00995"")
public class BenchmarkTest00995 extends HttpServlet {

    private static final long serialVersionUID = 1L;

    @Override
    public void doGet(HttpServletRequest request, HttpServletResponse response)
            throws ServletException, IOException {
        response.setContentType(""text/html;charset=UTF-8"");
        javax.servlet.http.Cookie userCookie =
                new javax.servlet.http.Cookie(""BenchmarkTest00995"", ""color"");
        userCookie.setMaxAge(60 * 3); // Store cookie for 3 minutes
        userCookie.setSecure(true);
        userCookie.setHttpOnly(true);
        userCookie.setPath(request.getRequestURI());
        userCookie.setDomain(new java.net.URL(request.getRequestURL().toString()).getHost());
        response.addCookie(userCookie);
        javax.servlet.RequestDispatcher rd =
                request.getRequestDispatcher(""/trustbound-00/BenchmarkTest00995.html"");
        rd.include(request, response);
    }

    @Override
    public void doPost(HttpServletRequest request, HttpServletResponse response)
            throws ServletException, IOException {
        response.setContentType(""text/html;charset=UTF-8"");

        javax.servlet.http.Cookie[] theCookies = request.getCookies();

        String param = ""noCookieValueSupplied"";
        if (theCookies != null) {
            for (javax.servlet.http.Cookie theCookie : theCookies) {
                if (theCookie.getName().equals(""BenchmarkTest00995"")) {
                    param = java.net.URLDecoder.decode(theCookie.getValue(), ""UTF-8"");
                    break;
                }
            }
        }

        String bar = new Test().doSomething(request, param);

        // javax.servlet.http.HttpSession.setAttribute(java.lang.String^,java.lang.Object)
        request.getSession().setAttribute(bar, ""10340"");

        response.getWriter()
                .println(
                        ""Item: '""
                                + org.owasp.benchmark.helpers.Utils.encodeForHTML(bar)
                                + ""' with value: '10340' saved in session."");
    } // end doPost

    private class Test {

        public String doSomething(HttpServletRequest request, String param)
                throws ServletException, IOException {

            String bar = """";
            if (param != null) bar = param.split("" "")[0];

            return bar;
        }
    } // end innerclass Test
} // end DataflowThruInnerClass
", trustbound,501,True
BenchmarkTest00425.java,org.owasp.benchmark.testcode,/trustbound-00/BenchmarkTest00425,Trust Boundary Violation,"/**
 * OWASP Benchmark Project v1.2
 *
 * <p>This file is part of the Open Web Application Security Project (OWASP) Benchmark Project. For
 * details, please see <a
 * href=""https://owasp.org/www-project-benchmark/"">https://owasp.org/www-project-benchmark/</a>.
 *
 * <p>The OWASP Benchmark is free software: you can redistribute it and/or modify it under the terms
 * of the GNU General Public License as published by the Free Software Foundation, version 2.
 *
 * <p>The OWASP Benchmark is distributed in the hope that it will be useful, but WITHOUT ANY
 * WARRANTY; without even the implied warranty of MERCHANTABILITY or FITNESS FOR A PARTICULAR
 * PURPOSE. See the GNU General Public License for more details.
 *
 * @author Nick Sanidas
 * @created 2015
 */
package org.owasp.benchmark.testcode;

import java.io.IOException;
import javax.servlet.ServletException;
import javax.servlet.annotation.WebServlet;
import javax.servlet.http.HttpServlet;
import javax.servlet.http.HttpServletRequest;
import javax.servlet.http.HttpServletResponse;

@WebServlet(value = ""/trustbound-00/BenchmarkTest00425"")
public class BenchmarkTest00425 extends HttpServlet {

    private static final long serialVersionUID = 1L;

    @Override
    public void doGet(HttpServletRequest request, HttpServletResponse response)
            throws ServletException, IOException {
        doPost(request, response);
    }

    @Override
    public void doPost(HttpServletRequest request, HttpServletResponse response)
            throws ServletException, IOException {
        response.setContentType(""text/html;charset=UTF-8"");

        String param = request.getParameter(""BenchmarkTest00425"");
        if (param == null) param = """";

        StringBuilder sbxyz2192 = new StringBuilder(param);
        String bar = sbxyz2192.append(""_SafeStuff"").toString();

        // javax.servlet.http.HttpSession.putValue(java.lang.String,java.lang.Object^)
        request.getSession().putValue(""userid"", bar);

        response.getWriter()
                .println(
                        ""Item: 'userid' with value: '""
                                + org.owasp.benchmark.helpers.Utils.encodeForHTML(bar)
                                + ""' saved in session."");
    }
}
", trustbound,501,True
BenchmarkTest01619.java,org.owasp.benchmark.testcode,/trustbound-01/BenchmarkTest01619,Trust Boundary Violation,"/**
 * OWASP Benchmark Project v1.2
 *
 * <p>This file is part of the Open Web Application Security Project (OWASP) Benchmark Project. For
 * details, please see <a
 * href=""https://owasp.org/www-project-benchmark/"">https://owasp.org/www-project-benchmark/</a>.
 *
 * <p>The OWASP Benchmark is free software: you can redistribute it and/or modify it under the terms
 * of the GNU General Public License as published by the Free Software Foundation, version 2.
 *
 * <p>The OWASP Benchmark is distributed in the hope that it will be useful, but WITHOUT ANY
 * WARRANTY; without even the implied warranty of MERCHANTABILITY or FITNESS FOR A PARTICULAR
 * PURPOSE. See the GNU General Public License for more details.
 *
 * @author Dave Wichers
 * @created 2015
 */
package org.owasp.benchmark.testcode;

import java.io.IOException;
import javax.servlet.ServletException;
import javax.servlet.annotation.WebServlet;
import javax.servlet.http.HttpServlet;
import javax.servlet.http.HttpServletRequest;
import javax.servlet.http.HttpServletResponse;

@WebServlet(value = ""/trustbound-01/BenchmarkTest01619"")
public class BenchmarkTest01619 extends HttpServlet {

    private static final long serialVersionUID = 1L;

    @Override
    public void doGet(HttpServletRequest request, HttpServletResponse response)
            throws ServletException, IOException {
        doPost(request, response);
    }

    @Override
    public void doPost(HttpServletRequest request, HttpServletResponse response)
            throws ServletException, IOException {
        response.setContentType(""text/html;charset=UTF-8"");

        String[] values = request.getParameterValues(""BenchmarkTest01619"");
        String param;
        if (values != null && values.length > 0) param = values[0];
        else param = """";

        String bar = new Test().doSomething(request, param);

        // javax.servlet.http.HttpSession.setAttribute(java.lang.String,java.lang.Object^)
        request.getSession().setAttribute(""userid"", bar);

        response.getWriter()
                .println(
                        ""Item: 'userid' with value: '""
                                + org.owasp.benchmark.helpers.Utils.encodeForHTML(bar)
                                + ""' saved in session."");
    } // end doPost

    private class Test {

        public String doSomething(HttpServletRequest request, String param)
                throws ServletException, IOException {

            String bar = org.apache.commons.lang.StringEscapeUtils.escapeHtml(param);

            return bar;
        }
    } // end innerclass Test
} // end DataflowThruInnerClass
", trustbound,501,True
BenchmarkTest00321.java,org.owasp.benchmark.testcode,/trustbound-00/BenchmarkTest00321,Trust Boundary Violation,"/**
 * OWASP Benchmark Project v1.2
 *
 * <p>This file is part of the Open Web Application Security Project (OWASP) Benchmark Project. For
 * details, please see <a
 * href=""https://owasp.org/www-project-benchmark/"">https://owasp.org/www-project-benchmark/</a>.
 *
 * <p>The OWASP Benchmark is free software: you can redistribute it and/or modify it under the terms
 * of the GNU General Public License as published by the Free Software Foundation, version 2.
 *
 * <p>The OWASP Benchmark is distributed in the hope that it will be useful, but WITHOUT ANY
 * WARRANTY; without even the implied warranty of MERCHANTABILITY or FITNESS FOR A PARTICULAR
 * PURPOSE. See the GNU General Public License for more details.
 *
 * @author Nick Sanidas
 * @created 2015
 */
package org.owasp.benchmark.testcode;

import java.io.IOException;
import javax.servlet.ServletException;
import javax.servlet.annotation.WebServlet;
import javax.servlet.http.HttpServlet;
import javax.servlet.http.HttpServletRequest;
import javax.servlet.http.HttpServletResponse;

@WebServlet(value = ""/trustbound-00/BenchmarkTest00321"")
public class BenchmarkTest00321 extends HttpServlet {

    private static final long serialVersionUID = 1L;

    @Override
    public void doGet(HttpServletRequest request, HttpServletResponse response)
            throws ServletException, IOException {
        doPost(request, response);
    }

    @Override
    public void doPost(HttpServletRequest request, HttpServletResponse response)
            throws ServletException, IOException {
        response.setContentType(""text/html;charset=UTF-8"");

        String param = """";
        java.util.Enumeration<String> headers = request.getHeaders(""BenchmarkTest00321"");

        if (headers != null && headers.hasMoreElements()) {
            param = headers.nextElement(); // just grab first element
        }

        // URL Decode the header value since req.getHeaders() doesn't. Unlike req.getParameters().
        param = java.net.URLDecoder.decode(param, ""UTF-8"");

        String bar = org.owasp.esapi.ESAPI.encoder().encodeForHTML(param);

        // javax.servlet.http.HttpSession.putValue(java.lang.String^,java.lang.Object)
        request.getSession().putValue(bar, ""10340"");

        response.getWriter()
                .println(
                        ""Item: '""
                                + org.owasp.benchmark.helpers.Utils.encodeForHTML(bar)
                                + ""' with value: 10340 saved in session."");
    }
}
", trustbound,501,True
BenchmarkTest00427.java,org.owasp.benchmark.testcode,/trustbound-00/BenchmarkTest00427,Trust Boundary Violation,"/**
 * OWASP Benchmark Project v1.2
 *
 * <p>This file is part of the Open Web Application Security Project (OWASP) Benchmark Project. For
 * details, please see <a
 * href=""https://owasp.org/www-project-benchmark/"">https://owasp.org/www-project-benchmark/</a>.
 *
 * <p>The OWASP Benchmark is free software: you can redistribute it and/or modify it under the terms
 * of the GNU General Public License as published by the Free Software Foundation, version 2.
 *
 * <p>The OWASP Benchmark is distributed in the hope that it will be useful, but WITHOUT ANY
 * WARRANTY; without even the implied warranty of MERCHANTABILITY or FITNESS FOR A PARTICULAR
 * PURPOSE. See the GNU General Public License for more details.
 *
 * @author Nick Sanidas
 * @created 2015
 */
package org.owasp.benchmark.testcode;

import java.io.IOException;
import javax.servlet.ServletException;
import javax.servlet.annotation.WebServlet;
import javax.servlet.http.HttpServlet;
import javax.servlet.http.HttpServletRequest;
import javax.servlet.http.HttpServletResponse;

@WebServlet(value = ""/trustbound-00/BenchmarkTest00427"")
public class BenchmarkTest00427 extends HttpServlet {

    private static final long serialVersionUID = 1L;

    @Override
    public void doGet(HttpServletRequest request, HttpServletResponse response)
            throws ServletException, IOException {
        doPost(request, response);
    }

    @Override
    public void doPost(HttpServletRequest request, HttpServletResponse response)
            throws ServletException, IOException {
        response.setContentType(""text/html;charset=UTF-8"");

        String param = request.getParameter(""BenchmarkTest00427"");
        if (param == null) param = """";

        // Chain a bunch of propagators in sequence
        String a70670 = param; // assign
        StringBuilder b70670 = new StringBuilder(a70670); // stick in stringbuilder
        b70670.append("" SafeStuff""); // append some safe content
        b70670.replace(
                b70670.length() - ""Chars"".length(),
                b70670.length(),
                ""Chars""); // replace some of the end content
        java.util.HashMap<String, Object> map70670 = new java.util.HashMap<String, Object>();
        map70670.put(""key70670"", b70670.toString()); // put in a collection
        String c70670 = (String) map70670.get(""key70670""); // get it back out
        String d70670 = c70670.substring(0, c70670.length() - 1); // extract most of it
        String e70670 =
                new String(
                        org.apache.commons.codec.binary.Base64.decodeBase64(
                                org.apache.commons.codec.binary.Base64.encodeBase64(
                                        d70670.getBytes()))); // B64 encode and decode it
        String f70670 = e70670.split("" "")[0]; // split it on a space
        org.owasp.benchmark.helpers.ThingInterface thing =
                org.owasp.benchmark.helpers.ThingFactory.createThing();
        String bar = thing.doSomething(f70670); // reflection

        // javax.servlet.http.HttpSession.setAttribute(java.lang.String,java.lang.Object^)
        request.getSession().setAttribute(""userid"", bar);

        response.getWriter()
                .println(
                        ""Item: 'userid' with value: '""
                                + org.owasp.benchmark.helpers.Utils.encodeForHTML(bar)
                                + ""' saved in session."");
    }
}
", trustbound,501,True
BenchmarkTest01272.java,org.owasp.benchmark.testcode,/weakrand-02/BenchmarkTest01272,Weak Randomness,"/**
 * OWASP Benchmark Project v1.2
 *
 * <p>This file is part of the Open Web Application Security Project (OWASP) Benchmark Project. For
 * details, please see <a
 * href=""https://owasp.org/www-project-benchmark/"">https://owasp.org/www-project-benchmark/</a>.
 *
 * <p>The OWASP Benchmark is free software: you can redistribute it and/or modify it under the terms
 * of the GNU General Public License as published by the Free Software Foundation, version 2.
 *
 * <p>The OWASP Benchmark is distributed in the hope that it will be useful, but WITHOUT ANY
 * WARRANTY; without even the implied warranty of MERCHANTABILITY or FITNESS FOR A PARTICULAR
 * PURPOSE. See the GNU General Public License for more details.
 *
 * @author Dave Wichers
 * @created 2015
 */
package org.owasp.benchmark.testcode;

import java.io.IOException;
import javax.servlet.ServletException;
import javax.servlet.annotation.WebServlet;
import javax.servlet.http.HttpServlet;
import javax.servlet.http.HttpServletRequest;
import javax.servlet.http.HttpServletResponse;

@WebServlet(value = ""/weakrand-02/BenchmarkTest01272"")
public class BenchmarkTest01272 extends HttpServlet {

    private static final long serialVersionUID = 1L;

    @Override
    public void doGet(HttpServletRequest request, HttpServletResponse response)
            throws ServletException, IOException {
        doPost(request, response);
    }

    @Override
    public void doPost(HttpServletRequest request, HttpServletResponse response)
            throws ServletException, IOException {
        response.setContentType(""text/html;charset=UTF-8"");

        String param = request.getParameter(""BenchmarkTest01272"");
        if (param == null) param = """";

        String bar = new Test().doSomething(request, param);

        double stuff = new java.util.Random().nextGaussian();
        String rememberMeKey = Double.toString(stuff).substring(2); // Trim off the 0. at the front.

        String user = ""Gayle"";
        String fullClassName = this.getClass().getName();
        String testCaseNumber =
                fullClassName.substring(
                        fullClassName.lastIndexOf('.') + 1 + ""BenchmarkTest"".length());
        user += testCaseNumber;

        String cookieName = ""rememberMe"" + testCaseNumber;

        boolean foundUser = false;
        javax.servlet.http.Cookie[] cookies = request.getCookies();
        if (cookies != null) {
            for (int i = 0; !foundUser && i < cookies.length; i++) {
                javax.servlet.http.Cookie cookie = cookies[i];
                if (cookieName.equals(cookie.getName())) {
                    if (cookie.getValue().equals(request.getSession().getAttribute(cookieName))) {
                        foundUser = true;
                    }
                }
            }
        }

        if (foundUser) {
            response.getWriter().println(""Welcome back: "" + user + ""<br/>"");
        } else {
            javax.servlet.http.Cookie rememberMe =
                    new javax.servlet.http.Cookie(cookieName, rememberMeKey);
            rememberMe.setSecure(true);
            rememberMe.setHttpOnly(true);
            rememberMe.setPath(request.getRequestURI()); // i.e., set path to JUST this servlet
            // e.g., /benchmark/sql-01/BenchmarkTest01001
            request.getSession().setAttribute(cookieName, rememberMeKey);
            response.addCookie(rememberMe);
            response.getWriter()
                    .println(
                            user
                                    + "" has been remembered with cookie: ""
                                    + rememberMe.getName()
                                    + "" whose value is: ""
                                    + rememberMe.getValue()
                                    + ""<br/>"");
        }

        response.getWriter()
                .println(""Weak Randomness Test java.util.Random.nextGaussian() executed"");
    } // end doPost

    private class Test {

        public String doSomething(HttpServletRequest request, String param)
                throws ServletException, IOException {

            String bar = org.apache.commons.lang.StringEscapeUtils.escapeHtml(param);

            return bar;
        }
    } // end innerclass Test
} // end DataflowThruInnerClass
", weakrand,330,True
BenchmarkTest02706.java,org.owasp.benchmark.testcode,/weakrand-06/BenchmarkTest02706,Weak Randomness,"/**
 * OWASP Benchmark Project v1.2
 *
 * <p>This file is part of the Open Web Application Security Project (OWASP) Benchmark Project. For
 * details, please see <a
 * href=""https://owasp.org/www-project-benchmark/"">https://owasp.org/www-project-benchmark/</a>.
 *
 * <p>The OWASP Benchmark is free software: you can redistribute it and/or modify it under the terms
 * of the GNU General Public License as published by the Free Software Foundation, version 2.
 *
 * <p>The OWASP Benchmark is distributed in the hope that it will be useful, but WITHOUT ANY
 * WARRANTY; without even the implied warranty of MERCHANTABILITY or FITNESS FOR A PARTICULAR
 * PURPOSE. See the GNU General Public License for more details.
 *
 * @author Nick Sanidas
 * @created 2015
 */
package org.owasp.benchmark.testcode;

import java.io.IOException;
import javax.servlet.ServletException;
import javax.servlet.annotation.WebServlet;
import javax.servlet.http.HttpServlet;
import javax.servlet.http.HttpServletRequest;
import javax.servlet.http.HttpServletResponse;

@WebServlet(value = ""/weakrand-06/BenchmarkTest02706"")
public class BenchmarkTest02706 extends HttpServlet {

    private static final long serialVersionUID = 1L;

    @Override
    public void doGet(HttpServletRequest request, HttpServletResponse response)
            throws ServletException, IOException {
        doPost(request, response);
    }

    @Override
    public void doPost(HttpServletRequest request, HttpServletResponse response)
            throws ServletException, IOException {
        response.setContentType(""text/html;charset=UTF-8"");

        org.owasp.benchmark.helpers.SeparateClassRequest scr =
                new org.owasp.benchmark.helpers.SeparateClassRequest(request);
        String param = scr.getTheValue(""BenchmarkTest02706"");

        String bar = doSomething(request, param);

        int r = new java.util.Random().nextInt();
        String rememberMeKey = Integer.toString(r);

        String user = ""Ingrid"";
        String fullClassName = this.getClass().getName();
        String testCaseNumber =
                fullClassName.substring(
                        fullClassName.lastIndexOf('.') + 1 + ""BenchmarkTest"".length());
        user += testCaseNumber;

        String cookieName = ""rememberMe"" + testCaseNumber;

        boolean foundUser = false;
        javax.servlet.http.Cookie[] cookies = request.getCookies();
        if (cookies != null) {
            for (int i = 0; !foundUser && i < cookies.length; i++) {
                javax.servlet.http.Cookie cookie = cookies[i];
                if (cookieName.equals(cookie.getName())) {
                    if (cookie.getValue().equals(request.getSession().getAttribute(cookieName))) {
                        foundUser = true;
                    }
                }
            }
        }

        if (foundUser) {
            response.getWriter().println(""Welcome back: "" + user + ""<br/>"");
        } else {
            javax.servlet.http.Cookie rememberMe =
                    new javax.servlet.http.Cookie(cookieName, rememberMeKey);
            rememberMe.setSecure(true);
            rememberMe.setHttpOnly(true);
            rememberMe.setPath(request.getRequestURI()); // i.e., set path to JUST this servlet
            // e.g., /benchmark/sql-01/BenchmarkTest01001
            request.getSession().setAttribute(cookieName, rememberMeKey);
            response.addCookie(rememberMe);
            response.getWriter()
                    .println(
                            user
                                    + "" has been remembered with cookie: ""
                                    + rememberMe.getName()
                                    + "" whose value is: ""
                                    + rememberMe.getValue()
                                    + ""<br/>"");
        }

        response.getWriter().println(""Weak Randomness Test java.util.Random.nextInt() executed"");
    } // end doPost

    private static String doSomething(HttpServletRequest request, String param)
            throws ServletException, IOException {

        String bar = """";
        if (param != null) {
            bar =
                    new String(
                            org.apache.commons.codec.binary.Base64.decodeBase64(
                                    org.apache.commons.codec.binary.Base64.encodeBase64(
                                            param.getBytes())));
        }

        return bar;
    }
}
", weakrand,330,True
BenchmarkTest01787.java,org.owasp.benchmark.testcode,/weakrand-03/BenchmarkTest01787,Weak Randomness,"/**
 * OWASP Benchmark Project v1.2
 *
 * <p>This file is part of the Open Web Application Security Project (OWASP) Benchmark Project. For
 * details, please see <a
 * href=""https://owasp.org/www-project-benchmark/"">https://owasp.org/www-project-benchmark/</a>.
 *
 * <p>The OWASP Benchmark is free software: you can redistribute it and/or modify it under the terms
 * of the GNU General Public License as published by the Free Software Foundation, version 2.
 *
 * <p>The OWASP Benchmark is distributed in the hope that it will be useful, but WITHOUT ANY
 * WARRANTY; without even the implied warranty of MERCHANTABILITY or FITNESS FOR A PARTICULAR
 * PURPOSE. See the GNU General Public License for more details.
 *
 * @author Dave Wichers
 * @created 2015
 */
package org.owasp.benchmark.testcode;

import java.io.IOException;
import javax.servlet.ServletException;
import javax.servlet.annotation.WebServlet;
import javax.servlet.http.HttpServlet;
import javax.servlet.http.HttpServletRequest;
import javax.servlet.http.HttpServletResponse;

@WebServlet(value = ""/weakrand-03/BenchmarkTest01787"")
public class BenchmarkTest01787 extends HttpServlet {

    private static final long serialVersionUID = 1L;

    @Override
    public void doGet(HttpServletRequest request, HttpServletResponse response)
            throws ServletException, IOException {
        doPost(request, response);
    }

    @Override
    public void doPost(HttpServletRequest request, HttpServletResponse response)
            throws ServletException, IOException {
        response.setContentType(""text/html;charset=UTF-8"");

        org.owasp.benchmark.helpers.SeparateClassRequest scr =
                new org.owasp.benchmark.helpers.SeparateClassRequest(request);
        String param = scr.getTheValue(""BenchmarkTest01787"");

        String bar = new Test().doSomething(request, param);

        int r = new java.util.Random().nextInt();
        String rememberMeKey = Integer.toString(r);

        String user = ""Ingrid"";
        String fullClassName = this.getClass().getName();
        String testCaseNumber =
                fullClassName.substring(
                        fullClassName.lastIndexOf('.') + 1 + ""BenchmarkTest"".length());
        user += testCaseNumber;

        String cookieName = ""rememberMe"" + testCaseNumber;

        boolean foundUser = false;
        javax.servlet.http.Cookie[] cookies = request.getCookies();
        if (cookies != null) {
            for (int i = 0; !foundUser && i < cookies.length; i++) {
                javax.servlet.http.Cookie cookie = cookies[i];
                if (cookieName.equals(cookie.getName())) {
                    if (cookie.getValue().equals(request.getSession().getAttribute(cookieName))) {
                        foundUser = true;
                    }
                }
            }
        }

        if (foundUser) {
            response.getWriter().println(""Welcome back: "" + user + ""<br/>"");
        } else {
            javax.servlet.http.Cookie rememberMe =
                    new javax.servlet.http.Cookie(cookieName, rememberMeKey);
            rememberMe.setSecure(true);
            rememberMe.setHttpOnly(true);
            rememberMe.setPath(request.getRequestURI()); // i.e., set path to JUST this servlet
            // e.g., /benchmark/sql-01/BenchmarkTest01001
            request.getSession().setAttribute(cookieName, rememberMeKey);
            response.addCookie(rememberMe);
            response.getWriter()
                    .println(
                            user
                                    + "" has been remembered with cookie: ""
                                    + rememberMe.getName()
                                    + "" whose value is: ""
                                    + rememberMe.getValue()
                                    + ""<br/>"");
        }

        response.getWriter().println(""Weak Randomness Test java.util.Random.nextInt() executed"");
    } // end doPost

    private class Test {

        public String doSomething(HttpServletRequest request, String param)
                throws ServletException, IOException {

            String bar = org.springframework.web.util.HtmlUtils.htmlEscape(param);

            return bar;
        }
    } // end innerclass Test
} // end DataflowThruInnerClass
", weakrand,330,True
BenchmarkTest02246.java,org.owasp.benchmark.testcode,/weakrand-05/BenchmarkTest02246,Weak Randomness,"/**
 * OWASP Benchmark Project v1.2
 *
 * <p>This file is part of the Open Web Application Security Project (OWASP) Benchmark Project. For
 * details, please see <a
 * href=""https://owasp.org/www-project-benchmark/"">https://owasp.org/www-project-benchmark/</a>.
 *
 * <p>The OWASP Benchmark is free software: you can redistribute it and/or modify it under the terms
 * of the GNU General Public License as published by the Free Software Foundation, version 2.
 *
 * <p>The OWASP Benchmark is distributed in the hope that it will be useful, but WITHOUT ANY
 * WARRANTY; without even the implied warranty of MERCHANTABILITY or FITNESS FOR A PARTICULAR
 * PURPOSE. See the GNU General Public License for more details.
 *
 * @author Nick Sanidas
 * @created 2015
 */
package org.owasp.benchmark.testcode;

import java.io.IOException;
import javax.servlet.ServletException;
import javax.servlet.annotation.WebServlet;
import javax.servlet.http.HttpServlet;
import javax.servlet.http.HttpServletRequest;
import javax.servlet.http.HttpServletResponse;

@WebServlet(value = ""/weakrand-05/BenchmarkTest02246"")
public class BenchmarkTest02246 extends HttpServlet {

    private static final long serialVersionUID = 1L;

    @Override
    public void doGet(HttpServletRequest request, HttpServletResponse response)
            throws ServletException, IOException {
        doPost(request, response);
    }

    @Override
    public void doPost(HttpServletRequest request, HttpServletResponse response)
            throws ServletException, IOException {
        response.setContentType(""text/html;charset=UTF-8"");

        java.util.Map<String, String[]> map = request.getParameterMap();
        String param = """";
        if (!map.isEmpty()) {
            String[] values = map.get(""BenchmarkTest02246"");
            if (values != null) param = values[0];
        }

        String bar = doSomething(request, param);

        int randNumber = new java.util.Random().nextInt(99);
        String rememberMeKey = Integer.toString(randNumber);

        String user = ""Inga"";
        String fullClassName = this.getClass().getName();
        String testCaseNumber =
                fullClassName.substring(
                        fullClassName.lastIndexOf('.') + 1 + ""BenchmarkTest"".length());
        user += testCaseNumber;

        String cookieName = ""rememberMe"" + testCaseNumber;

        boolean foundUser = false;
        javax.servlet.http.Cookie[] cookies = request.getCookies();
        if (cookies != null) {
            for (int i = 0; !foundUser && i < cookies.length; i++) {
                javax.servlet.http.Cookie cookie = cookies[i];
                if (cookieName.equals(cookie.getName())) {
                    if (cookie.getValue().equals(request.getSession().getAttribute(cookieName))) {
                        foundUser = true;
                    }
                }
            }
        }

        if (foundUser) {
            response.getWriter().println(""Welcome back: "" + user + ""<br/>"");
        } else {
            javax.servlet.http.Cookie rememberMe =
                    new javax.servlet.http.Cookie(cookieName, rememberMeKey);
            rememberMe.setSecure(true);
            rememberMe.setHttpOnly(true);
            rememberMe.setPath(request.getRequestURI()); // i.e., set path to JUST this servlet
            // e.g., /benchmark/sql-01/BenchmarkTest01001
            request.getSession().setAttribute(cookieName, rememberMeKey);
            response.addCookie(rememberMe);
            response.getWriter()
                    .println(
                            user
                                    + "" has been remembered with cookie: ""
                                    + rememberMe.getName()
                                    + "" whose value is: ""
                                    + rememberMe.getValue()
                                    + ""<br/>"");
        }

        response.getWriter().println(""Weak Randomness Test java.util.Random.nextInt(int) executed"");
    } // end doPost

    private static String doSomething(HttpServletRequest request, String param)
            throws ServletException, IOException {

        String bar = ""safe!"";
        java.util.HashMap<String, Object> map19712 = new java.util.HashMap<String, Object>();
        map19712.put(""keyA-19712"", ""a-Value""); // put some stuff in the collection
        map19712.put(""keyB-19712"", param); // put it in a collection
        map19712.put(""keyC"", ""another-Value""); // put some stuff in the collection
        bar = (String) map19712.get(""keyB-19712""); // get it back out

        return bar;
    }
}
", weakrand,330,True
BenchmarkTest00161.java,org.owasp.benchmark.testcode,/weakrand-00/BenchmarkTest00161,Weak Randomness,"/**
 * OWASP Benchmark Project v1.2
 *
 * <p>This file is part of the Open Web Application Security Project (OWASP) Benchmark Project. For
 * details, please see <a
 * href=""https://owasp.org/www-project-benchmark/"">https://owasp.org/www-project-benchmark/</a>.
 *
 * <p>The OWASP Benchmark is free software: you can redistribute it and/or modify it under the terms
 * of the GNU General Public License as published by the Free Software Foundation, version 2.
 *
 * <p>The OWASP Benchmark is distributed in the hope that it will be useful, but WITHOUT ANY
 * WARRANTY; without even the implied warranty of MERCHANTABILITY or FITNESS FOR A PARTICULAR
 * PURPOSE. See the GNU General Public License for more details.
 *
 * @author Nick Sanidas
 * @created 2015
 */
package org.owasp.benchmark.testcode;

import java.io.IOException;
import javax.servlet.ServletException;
import javax.servlet.annotation.WebServlet;
import javax.servlet.http.HttpServlet;
import javax.servlet.http.HttpServletRequest;
import javax.servlet.http.HttpServletResponse;

@WebServlet(value = ""/weakrand-00/BenchmarkTest00161"")
public class BenchmarkTest00161 extends HttpServlet {

    private static final long serialVersionUID = 1L;

    @Override
    public void doGet(HttpServletRequest request, HttpServletResponse response)
            throws ServletException, IOException {
        doPost(request, response);
    }

    @Override
    public void doPost(HttpServletRequest request, HttpServletResponse response)
            throws ServletException, IOException {
        response.setContentType(""text/html;charset=UTF-8"");

        String param = """";
        if (request.getHeader(""BenchmarkTest00161"") != null) {
            param = request.getHeader(""BenchmarkTest00161"");
        }

        // URL Decode the header value since req.getHeader() doesn't. Unlike req.getParameter().
        param = java.net.URLDecoder.decode(param, ""UTF-8"");

        String bar = ""safe!"";
        java.util.HashMap<String, Object> map91760 = new java.util.HashMap<String, Object>();
        map91760.put(""keyA-91760"", ""a_Value""); // put some stuff in the collection
        map91760.put(""keyB-91760"", param); // put it in a collection
        map91760.put(""keyC"", ""another_Value""); // put some stuff in the collection
        bar = (String) map91760.get(""keyB-91760""); // get it back out
        bar = (String) map91760.get(""keyA-91760""); // get safe value back out

        double value = new java.util.Random().nextDouble();
        String rememberMeKey = Double.toString(value).substring(2); // Trim off the 0. at the front.

        String user = ""Donna"";
        String fullClassName = this.getClass().getName();
        String testCaseNumber =
                fullClassName.substring(
                        fullClassName.lastIndexOf('.') + 1 + ""BenchmarkTest"".length());
        user += testCaseNumber;

        String cookieName = ""rememberMe"" + testCaseNumber;

        boolean foundUser = false;
        javax.servlet.http.Cookie[] cookies = request.getCookies();
        if (cookies != null) {
            for (int i = 0; !foundUser && i < cookies.length; i++) {
                javax.servlet.http.Cookie cookie = cookies[i];
                if (cookieName.equals(cookie.getName())) {
                    if (cookie.getValue().equals(request.getSession().getAttribute(cookieName))) {
                        foundUser = true;
                    }
                }
            }
        }

        if (foundUser) {
            response.getWriter().println(""Welcome back: "" + user + ""<br/>"");
        } else {
            javax.servlet.http.Cookie rememberMe =
                    new javax.servlet.http.Cookie(cookieName, rememberMeKey);
            rememberMe.setSecure(true);
            rememberMe.setHttpOnly(true);
            rememberMe.setDomain(new java.net.URL(request.getRequestURL().toString()).getHost());
            rememberMe.setPath(request.getRequestURI()); // i.e., set path to JUST this servlet
            // e.g., /benchmark/sql-01/BenchmarkTest01001
            request.getSession().setAttribute(cookieName, rememberMeKey);
            response.addCookie(rememberMe);
            response.getWriter()
                    .println(
                            user
                                    + "" has been remembered with cookie: ""
                                    + rememberMe.getName()
                                    + "" whose value is: ""
                                    + rememberMe.getValue()
                                    + ""<br/>"");
        }

        response.getWriter().println(""Weak Randomness Test java.util.Random.nextDouble() executed"");
    }
}
", weakrand,330,True
BenchmarkTest01932.java,org.owasp.benchmark.testcode,/weakrand-04/BenchmarkTest01932,Weak Randomness,"/**
 * OWASP Benchmark Project v1.2
 *
 * <p>This file is part of the Open Web Application Security Project (OWASP) Benchmark Project. For
 * details, please see <a
 * href=""https://owasp.org/www-project-benchmark/"">https://owasp.org/www-project-benchmark/</a>.
 *
 * <p>The OWASP Benchmark is free software: you can redistribute it and/or modify it under the terms
 * of the GNU General Public License as published by the Free Software Foundation, version 2.
 *
 * <p>The OWASP Benchmark is distributed in the hope that it will be useful, but WITHOUT ANY
 * WARRANTY; without even the implied warranty of MERCHANTABILITY or FITNESS FOR A PARTICULAR
 * PURPOSE. See the GNU General Public License for more details.
 *
 * @author Nick Sanidas
 * @created 2015
 */
package org.owasp.benchmark.testcode;

import java.io.IOException;
import javax.servlet.ServletException;
import javax.servlet.annotation.WebServlet;
import javax.servlet.http.HttpServlet;
import javax.servlet.http.HttpServletRequest;
import javax.servlet.http.HttpServletResponse;

@WebServlet(value = ""/weakrand-04/BenchmarkTest01932"")
public class BenchmarkTest01932 extends HttpServlet {

    private static final long serialVersionUID = 1L;

    @Override
    public void doGet(HttpServletRequest request, HttpServletResponse response)
            throws ServletException, IOException {
        doPost(request, response);
    }

    @Override
    public void doPost(HttpServletRequest request, HttpServletResponse response)
            throws ServletException, IOException {
        response.setContentType(""text/html;charset=UTF-8"");

        String param = """";
        if (request.getHeader(""BenchmarkTest01932"") != null) {
            param = request.getHeader(""BenchmarkTest01932"");
        }

        // URL Decode the header value since req.getHeader() doesn't. Unlike req.getParameter().
        param = java.net.URLDecoder.decode(param, ""UTF-8"");

        String bar = doSomething(request, param);

        int r = new java.util.Random().nextInt();
        String rememberMeKey = Integer.toString(r);

        String user = ""Ingrid"";
        String fullClassName = this.getClass().getName();
        String testCaseNumber =
                fullClassName.substring(
                        fullClassName.lastIndexOf('.') + 1 + ""BenchmarkTest"".length());
        user += testCaseNumber;

        String cookieName = ""rememberMe"" + testCaseNumber;

        boolean foundUser = false;
        javax.servlet.http.Cookie[] cookies = request.getCookies();
        if (cookies != null) {
            for (int i = 0; !foundUser && i < cookies.length; i++) {
                javax.servlet.http.Cookie cookie = cookies[i];
                if (cookieName.equals(cookie.getName())) {
                    if (cookie.getValue().equals(request.getSession().getAttribute(cookieName))) {
                        foundUser = true;
                    }
                }
            }
        }

        if (foundUser) {
            response.getWriter().println(""Welcome back: "" + user + ""<br/>"");
        } else {
            javax.servlet.http.Cookie rememberMe =
                    new javax.servlet.http.Cookie(cookieName, rememberMeKey);
            rememberMe.setSecure(true);
            rememberMe.setHttpOnly(true);
            rememberMe.setPath(request.getRequestURI()); // i.e., set path to JUST this servlet
            // e.g., /benchmark/sql-01/BenchmarkTest01001
            request.getSession().setAttribute(cookieName, rememberMeKey);
            response.addCookie(rememberMe);
            response.getWriter()
                    .println(
                            user
                                    + "" has been remembered with cookie: ""
                                    + rememberMe.getName()
                                    + "" whose value is: ""
                                    + rememberMe.getValue()
                                    + ""<br/>"");
        }

        response.getWriter().println(""Weak Randomness Test java.util.Random.nextInt() executed"");
    } // end doPost

    private static String doSomething(HttpServletRequest request, String param)
            throws ServletException, IOException {

        String bar = ""alsosafe"";
        if (param != null) {
            java.util.List<String> valuesList = new java.util.ArrayList<String>();
            valuesList.add(""safe"");
            valuesList.add(param);
            valuesList.add(""moresafe"");

            valuesList.remove(0); // remove the 1st safe value

            bar = valuesList.get(1); // get the last 'safe' value
        }

        return bar;
    }
}
", weakrand,330,True
BenchmarkTest02063.java,org.owasp.benchmark.testcode,/weakrand-04/BenchmarkTest02063,Weak Randomness,"/**
 * OWASP Benchmark Project v1.2
 *
 * <p>This file is part of the Open Web Application Security Project (OWASP) Benchmark Project. For
 * details, please see <a
 * href=""https://owasp.org/www-project-benchmark/"">https://owasp.org/www-project-benchmark/</a>.
 *
 * <p>The OWASP Benchmark is free software: you can redistribute it and/or modify it under the terms
 * of the GNU General Public License as published by the Free Software Foundation, version 2.
 *
 * <p>The OWASP Benchmark is distributed in the hope that it will be useful, but WITHOUT ANY
 * WARRANTY; without even the implied warranty of MERCHANTABILITY or FITNESS FOR A PARTICULAR
 * PURPOSE. See the GNU General Public License for more details.
 *
 * @author Nick Sanidas
 * @created 2015
 */
package org.owasp.benchmark.testcode;

import java.io.IOException;
import javax.servlet.ServletException;
import javax.servlet.annotation.WebServlet;
import javax.servlet.http.HttpServlet;
import javax.servlet.http.HttpServletRequest;
import javax.servlet.http.HttpServletResponse;

@WebServlet(value = ""/weakrand-04/BenchmarkTest02063"")
public class BenchmarkTest02063 extends HttpServlet {

    private static final long serialVersionUID = 1L;

    @Override
    public void doGet(HttpServletRequest request, HttpServletResponse response)
            throws ServletException, IOException {
        doPost(request, response);
    }

    @Override
    public void doPost(HttpServletRequest request, HttpServletResponse response)
            throws ServletException, IOException {
        response.setContentType(""text/html;charset=UTF-8"");

        String param = """";
        java.util.Enumeration<String> headers = request.getHeaders(""BenchmarkTest02063"");

        if (headers != null && headers.hasMoreElements()) {
            param = headers.nextElement(); // just grab first element
        }

        // URL Decode the header value since req.getHeaders() doesn't. Unlike req.getParameters().
        param = java.net.URLDecoder.decode(param, ""UTF-8"");

        String bar = doSomething(request, param);

        long l = new java.util.Random().nextLong();
        String rememberMeKey = Long.toString(l);

        String user = ""Logan"";
        String fullClassName = this.getClass().getName();
        String testCaseNumber =
                fullClassName.substring(
                        fullClassName.lastIndexOf('.') + 1 + ""BenchmarkTest"".length());
        user += testCaseNumber;

        String cookieName = ""rememberMe"" + testCaseNumber;

        boolean foundUser = false;
        javax.servlet.http.Cookie[] cookies = request.getCookies();
        if (cookies != null) {
            for (int i = 0; !foundUser && i < cookies.length; i++) {
                javax.servlet.http.Cookie cookie = cookies[i];
                if (cookieName.equals(cookie.getName())) {
                    if (cookie.getValue().equals(request.getSession().getAttribute(cookieName))) {
                        foundUser = true;
                    }
                }
            }
        }

        if (foundUser) {
            response.getWriter().println(""Welcome back: "" + user + ""<br/>"");

        } else {
            javax.servlet.http.Cookie rememberMe =
                    new javax.servlet.http.Cookie(cookieName, rememberMeKey);
            rememberMe.setSecure(true);
            rememberMe.setHttpOnly(true);
            rememberMe.setPath(request.getRequestURI()); // i.e., set path to JUST this servlet
            // e.g., /benchmark/sql-01/BenchmarkTest01001
            request.getSession().setAttribute(cookieName, rememberMeKey);
            response.addCookie(rememberMe);
            response.getWriter()
                    .println(
                            user
                                    + "" has been remembered with cookie: ""
                                    + rememberMe.getName()
                                    + "" whose value is: ""
                                    + rememberMe.getValue()
                                    + ""<br/>"");
        }

        response.getWriter().println(""Weak Randomness Test java.util.Random.nextLong() executed"");
    } // end doPost

    private static String doSomething(HttpServletRequest request, String param)
            throws ServletException, IOException {

        String bar = """";
        if (param != null) bar = param.split("" "")[0];

        return bar;
    }
}
", weakrand,330,True
BenchmarkTest00899.java,org.owasp.benchmark.testcode,/weakrand-01/BenchmarkTest00899,Weak Randomness,"/**
 * OWASP Benchmark Project v1.2
 *
 * <p>This file is part of the Open Web Application Security Project (OWASP) Benchmark Project. For
 * details, please see <a
 * href=""https://owasp.org/www-project-benchmark/"">https://owasp.org/www-project-benchmark/</a>.
 *
 * <p>The OWASP Benchmark is free software: you can redistribute it and/or modify it under the terms
 * of the GNU General Public License as published by the Free Software Foundation, version 2.
 *
 * <p>The OWASP Benchmark is distributed in the hope that it will be useful, but WITHOUT ANY
 * WARRANTY; without even the implied warranty of MERCHANTABILITY or FITNESS FOR A PARTICULAR
 * PURPOSE. See the GNU General Public License for more details.
 *
 * @author Nick Sanidas
 * @created 2015
 */
package org.owasp.benchmark.testcode;

import java.io.IOException;
import javax.servlet.ServletException;
import javax.servlet.annotation.WebServlet;
import javax.servlet.http.HttpServlet;
import javax.servlet.http.HttpServletRequest;
import javax.servlet.http.HttpServletResponse;

@WebServlet(value = ""/weakrand-01/BenchmarkTest00899"")
public class BenchmarkTest00899 extends HttpServlet {

    private static final long serialVersionUID = 1L;

    @Override
    public void doGet(HttpServletRequest request, HttpServletResponse response)
            throws ServletException, IOException {
        doPost(request, response);
    }

    @Override
    public void doPost(HttpServletRequest request, HttpServletResponse response)
            throws ServletException, IOException {
        response.setContentType(""text/html;charset=UTF-8"");

        org.owasp.benchmark.helpers.SeparateClassRequest scr =
                new org.owasp.benchmark.helpers.SeparateClassRequest(request);
        String param = scr.getTheValue(""BenchmarkTest00899"");

        String bar;
        String guess = ""ABC"";
        char switchTarget = guess.charAt(1); // condition 'B', which is safe

        // Simple case statement that assigns param to bar on conditions 'A', 'C', or 'D'
        switch (switchTarget) {
            case 'A':
                bar = param;
                break;
            case 'B':
                bar = ""bob"";
                break;
            case 'C':
            case 'D':
                bar = param;
                break;
            default:
                bar = ""bob's your uncle"";
                break;
        }

        double value = new java.util.Random().nextDouble();
        String rememberMeKey = Double.toString(value).substring(2); // Trim off the 0. at the front.

        String user = ""Donna"";
        String fullClassName = this.getClass().getName();
        String testCaseNumber =
                fullClassName.substring(
                        fullClassName.lastIndexOf('.') + 1 + ""BenchmarkTest"".length());
        user += testCaseNumber;

        String cookieName = ""rememberMe"" + testCaseNumber;

        boolean foundUser = false;
        javax.servlet.http.Cookie[] cookies = request.getCookies();
        if (cookies != null) {
            for (int i = 0; !foundUser && i < cookies.length; i++) {
                javax.servlet.http.Cookie cookie = cookies[i];
                if (cookieName.equals(cookie.getName())) {
                    if (cookie.getValue().equals(request.getSession().getAttribute(cookieName))) {
                        foundUser = true;
                    }
                }
            }
        }

        if (foundUser) {
            response.getWriter().println(""Welcome back: "" + user + ""<br/>"");
        } else {
            javax.servlet.http.Cookie rememberMe =
                    new javax.servlet.http.Cookie(cookieName, rememberMeKey);
            rememberMe.setSecure(true);
            rememberMe.setHttpOnly(true);
            rememberMe.setDomain(new java.net.URL(request.getRequestURL().toString()).getHost());
            rememberMe.setPath(request.getRequestURI()); // i.e., set path to JUST this servlet
            // e.g., /benchmark/sql-01/BenchmarkTest01001
            request.getSession().setAttribute(cookieName, rememberMeKey);
            response.addCookie(rememberMe);
            response.getWriter()
                    .println(
                            user
                                    + "" has been remembered with cookie: ""
                                    + rememberMe.getName()
                                    + "" whose value is: ""
                                    + rememberMe.getValue()
                                    + ""<br/>"");
        }

        response.getWriter().println(""Weak Randomness Test java.util.Random.nextDouble() executed"");
    }
}
", weakrand,330,True
BenchmarkTest02605.java,org.owasp.benchmark.testcode,/weakrand-05/BenchmarkTest02605,Weak Randomness,"/**
 * OWASP Benchmark Project v1.2
 *
 * <p>This file is part of the Open Web Application Security Project (OWASP) Benchmark Project. For
 * details, please see <a
 * href=""https://owasp.org/www-project-benchmark/"">https://owasp.org/www-project-benchmark/</a>.
 *
 * <p>The OWASP Benchmark is free software: you can redistribute it and/or modify it under the terms
 * of the GNU General Public License as published by the Free Software Foundation, version 2.
 *
 * <p>The OWASP Benchmark is distributed in the hope that it will be useful, but WITHOUT ANY
 * WARRANTY; without even the implied warranty of MERCHANTABILITY or FITNESS FOR A PARTICULAR
 * PURPOSE. See the GNU General Public License for more details.
 *
 * @author Nick Sanidas
 * @created 2015
 */
package org.owasp.benchmark.testcode;

import java.io.IOException;
import javax.servlet.ServletException;
import javax.servlet.annotation.WebServlet;
import javax.servlet.http.HttpServlet;
import javax.servlet.http.HttpServletRequest;
import javax.servlet.http.HttpServletResponse;

@WebServlet(value = ""/weakrand-05/BenchmarkTest02605"")
public class BenchmarkTest02605 extends HttpServlet {

    private static final long serialVersionUID = 1L;

    @Override
    public void doGet(HttpServletRequest request, HttpServletResponse response)
            throws ServletException, IOException {
        doPost(request, response);
    }

    @Override
    public void doPost(HttpServletRequest request, HttpServletResponse response)
            throws ServletException, IOException {
        response.setContentType(""text/html;charset=UTF-8"");

        String queryString = request.getQueryString();
        String paramval = ""BenchmarkTest02605"" + ""="";
        int paramLoc = -1;
        if (queryString != null) paramLoc = queryString.indexOf(paramval);
        if (paramLoc == -1) {
            response.getWriter()
                    .println(
                            ""getQueryString() couldn't find expected parameter '""
                                    + ""BenchmarkTest02605""
                                    + ""' in query string."");
            return;
        }

        String param =
                queryString.substring(
                        paramLoc
                                + paramval
                                        .length()); // 1st assume ""BenchmarkTest02605"" param is last
        // parameter in query string.
        // And then check to see if its in the middle of the query string and if so, trim off what
        // comes after.
        int ampersandLoc = queryString.indexOf(""&"", paramLoc);
        if (ampersandLoc != -1) {
            param = queryString.substring(paramLoc + paramval.length(), ampersandLoc);
        }
        param = java.net.URLDecoder.decode(param, ""UTF-8"");

        String bar = doSomething(request, param);

        double value = new java.util.Random().nextDouble();
        String rememberMeKey = Double.toString(value).substring(2); // Trim off the 0. at the front.

        String user = ""Donna"";
        String fullClassName = this.getClass().getName();
        String testCaseNumber =
                fullClassName.substring(
                        fullClassName.lastIndexOf('.') + 1 + ""BenchmarkTest"".length());
        user += testCaseNumber;

        String cookieName = ""rememberMe"" + testCaseNumber;

        boolean foundUser = false;
        javax.servlet.http.Cookie[] cookies = request.getCookies();
        if (cookies != null) {
            for (int i = 0; !foundUser && i < cookies.length; i++) {
                javax.servlet.http.Cookie cookie = cookies[i];
                if (cookieName.equals(cookie.getName())) {
                    if (cookie.getValue().equals(request.getSession().getAttribute(cookieName))) {
                        foundUser = true;
                    }
                }
            }
        }

        if (foundUser) {
            response.getWriter().println(""Welcome back: "" + user + ""<br/>"");
        } else {
            javax.servlet.http.Cookie rememberMe =
                    new javax.servlet.http.Cookie(cookieName, rememberMeKey);
            rememberMe.setSecure(true);
            rememberMe.setHttpOnly(true);
            rememberMe.setDomain(new java.net.URL(request.getRequestURL().toString()).getHost());
            rememberMe.setPath(request.getRequestURI()); // i.e., set path to JUST this servlet
            // e.g., /benchmark/sql-01/BenchmarkTest01001
            request.getSession().setAttribute(cookieName, rememberMeKey);
            response.addCookie(rememberMe);
            response.getWriter()
                    .println(
                            user
                                    + "" has been remembered with cookie: ""
                                    + rememberMe.getName()
                                    + "" whose value is: ""
                                    + rememberMe.getValue()
                                    + ""<br/>"");
        }

        response.getWriter().println(""Weak Randomness Test java.util.Random.nextDouble() executed"");
    } // end doPost

    private static String doSomething(HttpServletRequest request, String param)
            throws ServletException, IOException {

        String bar;

        // Simple if statement that assigns param to bar on true condition
        int num = 196;
        if ((500 / 42) + num > 200) bar = param;
        else bar = ""This should never happen"";

        return bar;
    }
}
", weakrand,330,True
BenchmarkTest01788.java,org.owasp.benchmark.testcode,/weakrand-04/BenchmarkTest01788,Weak Randomness,"/**
 * OWASP Benchmark Project v1.2
 *
 * <p>This file is part of the Open Web Application Security Project (OWASP) Benchmark Project. For
 * details, please see <a
 * href=""https://owasp.org/www-project-benchmark/"">https://owasp.org/www-project-benchmark/</a>.
 *
 * <p>The OWASP Benchmark is free software: you can redistribute it and/or modify it under the terms
 * of the GNU General Public License as published by the Free Software Foundation, version 2.
 *
 * <p>The OWASP Benchmark is distributed in the hope that it will be useful, but WITHOUT ANY
 * WARRANTY; without even the implied warranty of MERCHANTABILITY or FITNESS FOR A PARTICULAR
 * PURPOSE. See the GNU General Public License for more details.
 *
 * @author Dave Wichers
 * @created 2015
 */
package org.owasp.benchmark.testcode;

import java.io.IOException;
import javax.servlet.ServletException;
import javax.servlet.annotation.WebServlet;
import javax.servlet.http.HttpServlet;
import javax.servlet.http.HttpServletRequest;
import javax.servlet.http.HttpServletResponse;

@WebServlet(value = ""/weakrand-04/BenchmarkTest01788"")
public class BenchmarkTest01788 extends HttpServlet {

    private static final long serialVersionUID = 1L;

    @Override
    public void doGet(HttpServletRequest request, HttpServletResponse response)
            throws ServletException, IOException {
        doPost(request, response);
    }

    @Override
    public void doPost(HttpServletRequest request, HttpServletResponse response)
            throws ServletException, IOException {
        response.setContentType(""text/html;charset=UTF-8"");

        org.owasp.benchmark.helpers.SeparateClassRequest scr =
                new org.owasp.benchmark.helpers.SeparateClassRequest(request);
        String param = scr.getTheValue(""BenchmarkTest01788"");

        String bar = new Test().doSomething(request, param);

        long l = new java.util.Random().nextLong();
        String rememberMeKey = Long.toString(l);

        String user = ""Logan"";
        String fullClassName = this.getClass().getName();
        String testCaseNumber =
                fullClassName.substring(
                        fullClassName.lastIndexOf('.') + 1 + ""BenchmarkTest"".length());
        user += testCaseNumber;

        String cookieName = ""rememberMe"" + testCaseNumber;

        boolean foundUser = false;
        javax.servlet.http.Cookie[] cookies = request.getCookies();
        if (cookies != null) {
            for (int i = 0; !foundUser && i < cookies.length; i++) {
                javax.servlet.http.Cookie cookie = cookies[i];
                if (cookieName.equals(cookie.getName())) {
                    if (cookie.getValue().equals(request.getSession().getAttribute(cookieName))) {
                        foundUser = true;
                    }
                }
            }
        }

        if (foundUser) {
            response.getWriter().println(""Welcome back: "" + user + ""<br/>"");

        } else {
            javax.servlet.http.Cookie rememberMe =
                    new javax.servlet.http.Cookie(cookieName, rememberMeKey);
            rememberMe.setSecure(true);
            rememberMe.setHttpOnly(true);
            rememberMe.setPath(request.getRequestURI()); // i.e., set path to JUST this servlet
            // e.g., /benchmark/sql-01/BenchmarkTest01001
            request.getSession().setAttribute(cookieName, rememberMeKey);
            response.addCookie(rememberMe);
            response.getWriter()
                    .println(
                            user
                                    + "" has been remembered with cookie: ""
                                    + rememberMe.getName()
                                    + "" whose value is: ""
                                    + rememberMe.getValue()
                                    + ""<br/>"");
        }

        response.getWriter().println(""Weak Randomness Test java.util.Random.nextLong() executed"");
    } // end doPost

    private class Test {

        public String doSomething(HttpServletRequest request, String param)
                throws ServletException, IOException {

            String bar;

            // Simple if statement that assigns param to bar on true condition
            int num = 196;
            if ((500 / 42) + num > 200) bar = param;
            else bar = ""This should never happen"";

            return bar;
        }
    } // end innerclass Test
} // end DataflowThruInnerClass
", weakrand,330,True
BenchmarkTest01736.java,org.owasp.benchmark.testcode,/xpathi-00/BenchmarkTest01736,XPath Injection,"/**
 * OWASP Benchmark Project v1.2
 *
 * <p>This file is part of the Open Web Application Security Project (OWASP) Benchmark Project. For
 * details, please see <a
 * href=""https://owasp.org/www-project-benchmark/"">https://owasp.org/www-project-benchmark/</a>.
 *
 * <p>The OWASP Benchmark is free software: you can redistribute it and/or modify it under the terms
 * of the GNU General Public License as published by the Free Software Foundation, version 2.
 *
 * <p>The OWASP Benchmark is distributed in the hope that it will be useful, but WITHOUT ANY
 * WARRANTY; without even the implied warranty of MERCHANTABILITY or FITNESS FOR A PARTICULAR
 * PURPOSE. See the GNU General Public License for more details.
 *
 * @author Dave Wichers
 * @created 2015
 */
package org.owasp.benchmark.testcode;

import java.io.IOException;
import javax.servlet.ServletException;
import javax.servlet.annotation.WebServlet;
import javax.servlet.http.HttpServlet;
import javax.servlet.http.HttpServletRequest;
import javax.servlet.http.HttpServletResponse;

@WebServlet(value = ""/xpathi-00/BenchmarkTest01736"")
public class BenchmarkTest01736 extends HttpServlet {

    private static final long serialVersionUID = 1L;

    @Override
    public void doGet(HttpServletRequest request, HttpServletResponse response)
            throws ServletException, IOException {
        doPost(request, response);
    }

    @Override
    public void doPost(HttpServletRequest request, HttpServletResponse response)
            throws ServletException, IOException {
        response.setContentType(""text/html;charset=UTF-8"");

        String queryString = request.getQueryString();
        String paramval = ""BenchmarkTest01736"" + ""="";
        int paramLoc = -1;
        if (queryString != null) paramLoc = queryString.indexOf(paramval);
        if (paramLoc == -1) {
            response.getWriter()
                    .println(
                            ""getQueryString() couldn't find expected parameter '""
                                    + ""BenchmarkTest01736""
                                    + ""' in query string."");
            return;
        }

        String param =
                queryString.substring(
                        paramLoc
                                + paramval
                                        .length()); // 1st assume ""BenchmarkTest01736"" param is last
        // parameter in query string.
        // And then check to see if its in the middle of the query string and if so, trim off what
        // comes after.
        int ampersandLoc = queryString.indexOf(""&"", paramLoc);
        if (ampersandLoc != -1) {
            param = queryString.substring(paramLoc + paramval.length(), ampersandLoc);
        }
        param = java.net.URLDecoder.decode(param, ""UTF-8"");

        String bar = new Test().doSomething(request, param);

        try {
            java.io.FileInputStream file =
                    new java.io.FileInputStream(
                            org.owasp.benchmark.helpers.Utils.getFileFromClasspath(
                                    ""employees.xml"", this.getClass().getClassLoader()));
            javax.xml.parsers.DocumentBuilderFactory builderFactory =
                    javax.xml.parsers.DocumentBuilderFactory.newInstance();
            // Prevent XXE
            builderFactory.setFeature(""http://apache.org/xml/features/disallow-doctype-decl"", true);
            javax.xml.parsers.DocumentBuilder builder = builderFactory.newDocumentBuilder();
            org.w3c.dom.Document xmlDocument = builder.parse(file);
            javax.xml.xpath.XPathFactory xpf = javax.xml.xpath.XPathFactory.newInstance();
            javax.xml.xpath.XPath xp = xpf.newXPath();

            String expression = ""/Employees/Employee[@emplid='"" + bar + ""']"";
            String result = xp.evaluate(expression, xmlDocument);

            response.getWriter().println(""Your query results are: "" + result + ""<br/>"");

        } catch (javax.xml.xpath.XPathExpressionException
                | javax.xml.parsers.ParserConfigurationException
                | org.xml.sax.SAXException e) {
            response.getWriter()
                    .println(
                            ""Error parsing XPath input: '""
                                    + org.owasp.esapi.ESAPI.encoder().encodeForHTML(bar)
                                    + ""'"");
            throw new ServletException(e);
        }
    } // end doPost

    private class Test {

        public String doSomething(HttpServletRequest request, String param)
                throws ServletException, IOException {

            String bar = """";
            if (param != null) {
                java.util.List<String> valuesList = new java.util.ArrayList<String>();
                valuesList.add(""safe"");
                valuesList.add(param);
                valuesList.add(""moresafe"");

                valuesList.remove(0); // remove the 1st safe value

                bar = valuesList.get(0); // get the param value
            }

            return bar;
        }
    } // end innerclass Test
} // end DataflowThruInnerClass
", xpathi,643,True
BenchmarkTest01894.java,org.owasp.benchmark.testcode,/xpathi-00/BenchmarkTest01894,XPath Injection,"/**
 * OWASP Benchmark Project v1.2
 *
 * <p>This file is part of the Open Web Application Security Project (OWASP) Benchmark Project. For
 * details, please see <a
 * href=""https://owasp.org/www-project-benchmark/"">https://owasp.org/www-project-benchmark/</a>.
 *
 * <p>The OWASP Benchmark is free software: you can redistribute it and/or modify it under the terms
 * of the GNU General Public License as published by the Free Software Foundation, version 2.
 *
 * <p>The OWASP Benchmark is distributed in the hope that it will be useful, but WITHOUT ANY
 * WARRANTY; without even the implied warranty of MERCHANTABILITY or FITNESS FOR A PARTICULAR
 * PURPOSE. See the GNU General Public License for more details.
 *
 * @author Nick Sanidas
 * @created 2015
 */
package org.owasp.benchmark.testcode;

import java.io.IOException;
import javax.servlet.ServletException;
import javax.servlet.annotation.WebServlet;
import javax.servlet.http.HttpServlet;
import javax.servlet.http.HttpServletRequest;
import javax.servlet.http.HttpServletResponse;

@WebServlet(value = ""/xpathi-00/BenchmarkTest01894"")
public class BenchmarkTest01894 extends HttpServlet {

    private static final long serialVersionUID = 1L;

    @Override
    public void doGet(HttpServletRequest request, HttpServletResponse response)
            throws ServletException, IOException {
        response.setContentType(""text/html;charset=UTF-8"");
        javax.servlet.http.Cookie userCookie =
                new javax.servlet.http.Cookie(""BenchmarkTest01894"", ""2222"");
        userCookie.setMaxAge(60 * 3); // Store cookie for 3 minutes
        userCookie.setSecure(true);
        userCookie.setHttpOnly(true);
        userCookie.setPath(request.getRequestURI());
        userCookie.setDomain(new java.net.URL(request.getRequestURL().toString()).getHost());
        response.addCookie(userCookie);
        javax.servlet.RequestDispatcher rd =
                request.getRequestDispatcher(""/xpathi-00/BenchmarkTest01894.html"");
        rd.include(request, response);
    }

    @Override
    public void doPost(HttpServletRequest request, HttpServletResponse response)
            throws ServletException, IOException {
        response.setContentType(""text/html;charset=UTF-8"");

        javax.servlet.http.Cookie[] theCookies = request.getCookies();

        String param = ""noCookieValueSupplied"";
        if (theCookies != null) {
            for (javax.servlet.http.Cookie theCookie : theCookies) {
                if (theCookie.getName().equals(""BenchmarkTest01894"")) {
                    param = java.net.URLDecoder.decode(theCookie.getValue(), ""UTF-8"");
                    break;
                }
            }
        }

        String bar = doSomething(request, param);

        try {
            java.io.FileInputStream file =
                    new java.io.FileInputStream(
                            org.owasp.benchmark.helpers.Utils.getFileFromClasspath(
                                    ""employees.xml"", this.getClass().getClassLoader()));
            javax.xml.parsers.DocumentBuilderFactory builderFactory =
                    javax.xml.parsers.DocumentBuilderFactory.newInstance();
            // Prevent XXE
            builderFactory.setFeature(""http://apache.org/xml/features/disallow-doctype-decl"", true);
            javax.xml.parsers.DocumentBuilder builder = builderFactory.newDocumentBuilder();
            org.w3c.dom.Document xmlDocument = builder.parse(file);
            javax.xml.xpath.XPathFactory xpf = javax.xml.xpath.XPathFactory.newInstance();
            javax.xml.xpath.XPath xp = xpf.newXPath();

            String expression = ""/Employees/Employee[@emplid='"" + bar + ""']"";
            String result = xp.evaluate(expression, xmlDocument);

            response.getWriter().println(""Your query results are: "" + result + ""<br/>"");

        } catch (javax.xml.xpath.XPathExpressionException
                | javax.xml.parsers.ParserConfigurationException
                | org.xml.sax.SAXException e) {
            response.getWriter()
                    .println(
                            ""Error parsing XPath input: '""
                                    + org.owasp.esapi.ESAPI.encoder().encodeForHTML(bar)
                                    + ""'"");
            throw new ServletException(e);
        }
    } // end doPost

    private static String doSomething(HttpServletRequest request, String param)
            throws ServletException, IOException {

        String bar;

        // Simple ? condition that assigns param to bar on false condition
        int num = 106;

        bar = (7 * 42) - num > 200 ? ""This should never happen"" : param;

        return bar;
    }
}
", xpathi,643,True
BenchmarkTest00207.java,org.owasp.benchmark.testcode,/xpathi-00/BenchmarkTest00207,XPath Injection,"/**
 * OWASP Benchmark Project v1.2
 *
 * <p>This file is part of the Open Web Application Security Project (OWASP) Benchmark Project. For
 * details, please see <a
 * href=""https://owasp.org/www-project-benchmark/"">https://owasp.org/www-project-benchmark/</a>.
 *
 * <p>The OWASP Benchmark is free software: you can redistribute it and/or modify it under the terms
 * of the GNU General Public License as published by the Free Software Foundation, version 2.
 *
 * <p>The OWASP Benchmark is distributed in the hope that it will be useful, but WITHOUT ANY
 * WARRANTY; without even the implied warranty of MERCHANTABILITY or FITNESS FOR A PARTICULAR
 * PURPOSE. See the GNU General Public License for more details.
 *
 * @author Nick Sanidas
 * @created 2015
 */
package org.owasp.benchmark.testcode;

import java.io.IOException;
import javax.servlet.ServletException;
import javax.servlet.annotation.WebServlet;
import javax.servlet.http.HttpServlet;
import javax.servlet.http.HttpServletRequest;
import javax.servlet.http.HttpServletResponse;

@WebServlet(value = ""/xpathi-00/BenchmarkTest00207"")
public class BenchmarkTest00207 extends HttpServlet {

    private static final long serialVersionUID = 1L;

    @Override
    public void doGet(HttpServletRequest request, HttpServletResponse response)
            throws ServletException, IOException {
        doPost(request, response);
    }

    @Override
    public void doPost(HttpServletRequest request, HttpServletResponse response)
            throws ServletException, IOException {
        response.setContentType(""text/html;charset=UTF-8"");

        String param = """";
        if (request.getHeader(""BenchmarkTest00207"") != null) {
            param = request.getHeader(""BenchmarkTest00207"");
        }

        // URL Decode the header value since req.getHeader() doesn't. Unlike req.getParameter().
        param = java.net.URLDecoder.decode(param, ""UTF-8"");

        String bar = """";
        if (param != null) {
            bar =
                    new String(
                            org.apache.commons.codec.binary.Base64.decodeBase64(
                                    org.apache.commons.codec.binary.Base64.encodeBase64(
                                            param.getBytes())));
        }

        try {
            java.io.FileInputStream file =
                    new java.io.FileInputStream(
                            org.owasp.benchmark.helpers.Utils.getFileFromClasspath(
                                    ""employees.xml"", this.getClass().getClassLoader()));
            javax.xml.parsers.DocumentBuilderFactory builderFactory =
                    javax.xml.parsers.DocumentBuilderFactory.newInstance();
            // Prevent XXE
            builderFactory.setFeature(""http://apache.org/xml/features/disallow-doctype-decl"", true);
            javax.xml.parsers.DocumentBuilder builder = builderFactory.newDocumentBuilder();
            org.w3c.dom.Document xmlDocument = builder.parse(file);
            javax.xml.xpath.XPathFactory xpf = javax.xml.xpath.XPathFactory.newInstance();
            javax.xml.xpath.XPath xp = xpf.newXPath();

            String expression = ""/Employees/Employee[@emplid='"" + bar + ""']"";
            String result = xp.evaluate(expression, xmlDocument);

            response.getWriter().println(""Your query results are: "" + result + ""<br/>"");

        } catch (javax.xml.xpath.XPathExpressionException
                | javax.xml.parsers.ParserConfigurationException
                | org.xml.sax.SAXException e) {
            response.getWriter()
                    .println(
                            ""Error parsing XPath input: '""
                                    + org.owasp.esapi.ESAPI.encoder().encodeForHTML(bar)
                                    + ""'"");
            throw new ServletException(e);
        }
    }
}
", xpathi,643,True
BenchmarkTest02100.java,org.owasp.benchmark.testcode,/xpathi-00/BenchmarkTest02100,XPath Injection,"/**
 * OWASP Benchmark Project v1.2
 *
 * <p>This file is part of the Open Web Application Security Project (OWASP) Benchmark Project. For
 * details, please see <a
 * href=""https://owasp.org/www-project-benchmark/"">https://owasp.org/www-project-benchmark/</a>.
 *
 * <p>The OWASP Benchmark is free software: you can redistribute it and/or modify it under the terms
 * of the GNU General Public License as published by the Free Software Foundation, version 2.
 *
 * <p>The OWASP Benchmark is distributed in the hope that it will be useful, but WITHOUT ANY
 * WARRANTY; without even the implied warranty of MERCHANTABILITY or FITNESS FOR A PARTICULAR
 * PURPOSE. See the GNU General Public License for more details.
 *
 * @author Nick Sanidas
 * @created 2015
 */
package org.owasp.benchmark.testcode;

import java.io.IOException;
import javax.servlet.ServletException;
import javax.servlet.annotation.WebServlet;
import javax.servlet.http.HttpServlet;
import javax.servlet.http.HttpServletRequest;
import javax.servlet.http.HttpServletResponse;

@WebServlet(value = ""/xpathi-00/BenchmarkTest02100"")
public class BenchmarkTest02100 extends HttpServlet {

    private static final long serialVersionUID = 1L;

    @Override
    public void doGet(HttpServletRequest request, HttpServletResponse response)
            throws ServletException, IOException {
        doPost(request, response);
    }

    @Override
    public void doPost(HttpServletRequest request, HttpServletResponse response)
            throws ServletException, IOException {
        response.setContentType(""text/html;charset=UTF-8"");

        String param = """";
        java.util.Enumeration<String> headers = request.getHeaders(""BenchmarkTest02100"");

        if (headers != null && headers.hasMoreElements()) {
            param = headers.nextElement(); // just grab first element
        }

        // URL Decode the header value since req.getHeaders() doesn't. Unlike req.getParameters().
        param = java.net.URLDecoder.decode(param, ""UTF-8"");

        String bar = doSomething(request, param);

        try {
            java.io.FileInputStream file =
                    new java.io.FileInputStream(
                            org.owasp.benchmark.helpers.Utils.getFileFromClasspath(
                                    ""employees.xml"", this.getClass().getClassLoader()));
            javax.xml.parsers.DocumentBuilderFactory builderFactory =
                    javax.xml.parsers.DocumentBuilderFactory.newInstance();
            // Prevent XXE
            builderFactory.setFeature(""http://apache.org/xml/features/disallow-doctype-decl"", true);
            javax.xml.parsers.DocumentBuilder builder = builderFactory.newDocumentBuilder();
            org.w3c.dom.Document xmlDocument = builder.parse(file);
            javax.xml.xpath.XPathFactory xpf = javax.xml.xpath.XPathFactory.newInstance();
            javax.xml.xpath.XPath xp = xpf.newXPath();

            String expression = ""/Employees/Employee[@emplid='"" + bar + ""']"";
            org.w3c.dom.NodeList nodeList =
                    (org.w3c.dom.NodeList)
                            xp.compile(expression)
                                    .evaluate(xmlDocument, javax.xml.xpath.XPathConstants.NODESET);

            response.getWriter().println(""Your query results are: <br/>"");

            for (int i = 0; i < nodeList.getLength(); i++) {
                org.w3c.dom.Element value = (org.w3c.dom.Element) nodeList.item(i);
                response.getWriter().println(value.getTextContent() + ""<br/>"");
            }
        } catch (javax.xml.xpath.XPathExpressionException
                | javax.xml.parsers.ParserConfigurationException
                | org.xml.sax.SAXException e) {
            response.getWriter()
                    .println(
                            ""Error parsing XPath input: '""
                                    + org.owasp.esapi.ESAPI.encoder().encodeForHTML(bar)
                                    + ""'"");
            throw new ServletException(e);
        }
    } // end doPost

    private static String doSomething(HttpServletRequest request, String param)
            throws ServletException, IOException {

        String bar;
        String guess = ""ABC"";
        char switchTarget = guess.charAt(2);

        // Simple case statement that assigns param to bar on conditions 'A', 'C', or 'D'
        switch (switchTarget) {
            case 'A':
                bar = param;
                break;
            case 'B':
                bar = ""bobs_your_uncle"";
                break;
            case 'C':
            case 'D':
                bar = param;
                break;
            default:
                bar = ""bobs_your_uncle"";
                break;
        }

        return bar;
    }
}
", xpathi,643,True
BenchmarkTest01316.java,org.owasp.benchmark.testcode,/xpathi-00/BenchmarkTest01316,XPath Injection,"/**
 * OWASP Benchmark Project v1.2
 *
 * <p>This file is part of the Open Web Application Security Project (OWASP) Benchmark Project. For
 * details, please see <a
 * href=""https://owasp.org/www-project-benchmark/"">https://owasp.org/www-project-benchmark/</a>.
 *
 * <p>The OWASP Benchmark is free software: you can redistribute it and/or modify it under the terms
 * of the GNU General Public License as published by the Free Software Foundation, version 2.
 *
 * <p>The OWASP Benchmark is distributed in the hope that it will be useful, but WITHOUT ANY
 * WARRANTY; without even the implied warranty of MERCHANTABILITY or FITNESS FOR A PARTICULAR
 * PURPOSE. See the GNU General Public License for more details.
 *
 * @author Dave Wichers
 * @created 2015
 */
package org.owasp.benchmark.testcode;

import java.io.IOException;
import javax.servlet.ServletException;
import javax.servlet.annotation.WebServlet;
import javax.servlet.http.HttpServlet;
import javax.servlet.http.HttpServletRequest;
import javax.servlet.http.HttpServletResponse;

@WebServlet(value = ""/xpathi-00/BenchmarkTest01316"")
public class BenchmarkTest01316 extends HttpServlet {

    private static final long serialVersionUID = 1L;

    @Override
    public void doGet(HttpServletRequest request, HttpServletResponse response)
            throws ServletException, IOException {
        doPost(request, response);
    }

    @Override
    public void doPost(HttpServletRequest request, HttpServletResponse response)
            throws ServletException, IOException {
        response.setContentType(""text/html;charset=UTF-8"");

        String param = request.getParameter(""BenchmarkTest01316"");
        if (param == null) param = """";

        String bar = new Test().doSomething(request, param);

        try {
            java.io.FileInputStream file =
                    new java.io.FileInputStream(
                            org.owasp.benchmark.helpers.Utils.getFileFromClasspath(
                                    ""employees.xml"", this.getClass().getClassLoader()));
            javax.xml.parsers.DocumentBuilderFactory builderFactory =
                    javax.xml.parsers.DocumentBuilderFactory.newInstance();
            // Prevent XXE
            builderFactory.setFeature(""http://apache.org/xml/features/disallow-doctype-decl"", true);
            javax.xml.parsers.DocumentBuilder builder = builderFactory.newDocumentBuilder();
            org.w3c.dom.Document xmlDocument = builder.parse(file);
            javax.xml.xpath.XPathFactory xpf = javax.xml.xpath.XPathFactory.newInstance();
            javax.xml.xpath.XPath xp = xpf.newXPath();

            String expression = ""/Employees/Employee[@emplid='"" + bar + ""']"";
            String result = xp.evaluate(expression, xmlDocument);

            response.getWriter().println(""Your query results are: "" + result + ""<br/>"");

        } catch (javax.xml.xpath.XPathExpressionException
                | javax.xml.parsers.ParserConfigurationException
                | org.xml.sax.SAXException e) {
            response.getWriter()
                    .println(
                            ""Error parsing XPath input: '""
                                    + org.owasp.esapi.ESAPI.encoder().encodeForHTML(bar)
                                    + ""'"");
            throw new ServletException(e);
        }
    } // end doPost

    private class Test {

        public String doSomething(HttpServletRequest request, String param)
                throws ServletException, IOException {

            String bar;

            // Simple if statement that assigns param to bar on true condition
            int num = 196;
            if ((500 / 42) + num > 200) bar = param;
            else bar = ""This should never happen"";

            return bar;
        }
    } // end innerclass Test
} // end DataflowThruInnerClass
", xpathi,643,True
BenchmarkTest01734.java,org.owasp.benchmark.testcode,/xpathi-00/BenchmarkTest01734,XPath Injection,"/**
 * OWASP Benchmark Project v1.2
 *
 * <p>This file is part of the Open Web Application Security Project (OWASP) Benchmark Project. For
 * details, please see <a
 * href=""https://owasp.org/www-project-benchmark/"">https://owasp.org/www-project-benchmark/</a>.
 *
 * <p>The OWASP Benchmark is free software: you can redistribute it and/or modify it under the terms
 * of the GNU General Public License as published by the Free Software Foundation, version 2.
 *
 * <p>The OWASP Benchmark is distributed in the hope that it will be useful, but WITHOUT ANY
 * WARRANTY; without even the implied warranty of MERCHANTABILITY or FITNESS FOR A PARTICULAR
 * PURPOSE. See the GNU General Public License for more details.
 *
 * @author Dave Wichers
 * @created 2015
 */
package org.owasp.benchmark.testcode;

import java.io.IOException;
import javax.servlet.ServletException;
import javax.servlet.annotation.WebServlet;
import javax.servlet.http.HttpServlet;
import javax.servlet.http.HttpServletRequest;
import javax.servlet.http.HttpServletResponse;

@WebServlet(value = ""/xpathi-00/BenchmarkTest01734"")
public class BenchmarkTest01734 extends HttpServlet {

    private static final long serialVersionUID = 1L;

    @Override
    public void doGet(HttpServletRequest request, HttpServletResponse response)
            throws ServletException, IOException {
        doPost(request, response);
    }

    @Override
    public void doPost(HttpServletRequest request, HttpServletResponse response)
            throws ServletException, IOException {
        response.setContentType(""text/html;charset=UTF-8"");

        String queryString = request.getQueryString();
        String paramval = ""BenchmarkTest01734"" + ""="";
        int paramLoc = -1;
        if (queryString != null) paramLoc = queryString.indexOf(paramval);
        if (paramLoc == -1) {
            response.getWriter()
                    .println(
                            ""getQueryString() couldn't find expected parameter '""
                                    + ""BenchmarkTest01734""
                                    + ""' in query string."");
            return;
        }

        String param =
                queryString.substring(
                        paramLoc
                                + paramval
                                        .length()); // 1st assume ""BenchmarkTest01734"" param is last
        // parameter in query string.
        // And then check to see if its in the middle of the query string and if so, trim off what
        // comes after.
        int ampersandLoc = queryString.indexOf(""&"", paramLoc);
        if (ampersandLoc != -1) {
            param = queryString.substring(paramLoc + paramval.length(), ampersandLoc);
        }
        param = java.net.URLDecoder.decode(param, ""UTF-8"");

        String bar = new Test().doSomething(request, param);

        try {
            java.io.FileInputStream file =
                    new java.io.FileInputStream(
                            org.owasp.benchmark.helpers.Utils.getFileFromClasspath(
                                    ""employees.xml"", this.getClass().getClassLoader()));
            javax.xml.parsers.DocumentBuilderFactory builderFactory =
                    javax.xml.parsers.DocumentBuilderFactory.newInstance();
            // Prevent XXE
            builderFactory.setFeature(""http://apache.org/xml/features/disallow-doctype-decl"", true);
            javax.xml.parsers.DocumentBuilder builder = builderFactory.newDocumentBuilder();
            org.w3c.dom.Document xmlDocument = builder.parse(file);
            javax.xml.xpath.XPathFactory xpf = javax.xml.xpath.XPathFactory.newInstance();
            javax.xml.xpath.XPath xp = xpf.newXPath();

            String expression = ""/Employees/Employee[@emplid='"" + bar + ""']"";
            org.w3c.dom.NodeList nodeList =
                    (org.w3c.dom.NodeList)
                            xp.compile(expression)
                                    .evaluate(xmlDocument, javax.xml.xpath.XPathConstants.NODESET);

            response.getWriter().println(""Your query results are: <br/>"");

            for (int i = 0; i < nodeList.getLength(); i++) {
                org.w3c.dom.Element value = (org.w3c.dom.Element) nodeList.item(i);
                response.getWriter().println(value.getTextContent() + ""<br/>"");
            }
        } catch (javax.xml.xpath.XPathExpressionException
                | javax.xml.parsers.ParserConfigurationException
                | org.xml.sax.SAXException e) {
            response.getWriter()
                    .println(
                            ""Error parsing XPath input: '""
                                    + org.owasp.esapi.ESAPI.encoder().encodeForHTML(bar)
                                    + ""'"");
            throw new ServletException(e);
        }
    } // end doPost

    private class Test {

        public String doSomething(HttpServletRequest request, String param)
                throws ServletException, IOException {

            String bar;

            // Simple ? condition that assigns param to bar on false condition
            int num = 106;

            bar = (7 * 42) - num > 200 ? ""This should never happen"" : param;

            return bar;
        }
    } // end innerclass Test
} // end DataflowThruInnerClass
", xpathi,643,True
BenchmarkTest00607.java,org.owasp.benchmark.testcode,/xpathi-00/BenchmarkTest00607,XPath Injection,"/**
 * OWASP Benchmark Project v1.2
 *
 * <p>This file is part of the Open Web Application Security Project (OWASP) Benchmark Project. For
 * details, please see <a
 * href=""https://owasp.org/www-project-benchmark/"">https://owasp.org/www-project-benchmark/</a>.
 *
 * <p>The OWASP Benchmark is free software: you can redistribute it and/or modify it under the terms
 * of the GNU General Public License as published by the Free Software Foundation, version 2.
 *
 * <p>The OWASP Benchmark is distributed in the hope that it will be useful, but WITHOUT ANY
 * WARRANTY; without even the implied warranty of MERCHANTABILITY or FITNESS FOR A PARTICULAR
 * PURPOSE. See the GNU General Public License for more details.
 *
 * @author Nick Sanidas
 * @created 2015
 */
package org.owasp.benchmark.testcode;

import java.io.IOException;
import javax.servlet.ServletException;
import javax.servlet.annotation.WebServlet;
import javax.servlet.http.HttpServlet;
import javax.servlet.http.HttpServletRequest;
import javax.servlet.http.HttpServletResponse;

@WebServlet(value = ""/xpathi-00/BenchmarkTest00607"")
public class BenchmarkTest00607 extends HttpServlet {

    private static final long serialVersionUID = 1L;

    @Override
    public void doGet(HttpServletRequest request, HttpServletResponse response)
            throws ServletException, IOException {
        doPost(request, response);
    }

    @Override
    public void doPost(HttpServletRequest request, HttpServletResponse response)
            throws ServletException, IOException {
        response.setContentType(""text/html;charset=UTF-8"");

        String param = """";
        boolean flag = true;
        java.util.Enumeration<String> names = request.getParameterNames();
        while (names.hasMoreElements() && flag) {
            String name = (String) names.nextElement();
            String[] values = request.getParameterValues(name);
            if (values != null) {
                for (int i = 0; i < values.length && flag; i++) {
                    String value = values[i];
                    if (value.equals(""BenchmarkTest00607"")) {
                        param = name;
                        flag = false;
                    }
                }
            }
        }

        org.owasp.benchmark.helpers.ThingInterface thing =
                org.owasp.benchmark.helpers.ThingFactory.createThing();
        String bar = thing.doSomething(param);

        try {
            java.io.FileInputStream file =
                    new java.io.FileInputStream(
                            org.owasp.benchmark.helpers.Utils.getFileFromClasspath(
                                    ""employees.xml"", this.getClass().getClassLoader()));
            javax.xml.parsers.DocumentBuilderFactory builderFactory =
                    javax.xml.parsers.DocumentBuilderFactory.newInstance();
            // Prevent XXE
            builderFactory.setFeature(""http://apache.org/xml/features/disallow-doctype-decl"", true);
            javax.xml.parsers.DocumentBuilder builder = builderFactory.newDocumentBuilder();
            org.w3c.dom.Document xmlDocument = builder.parse(file);
            javax.xml.xpath.XPathFactory xpf = javax.xml.xpath.XPathFactory.newInstance();
            javax.xml.xpath.XPath xp = xpf.newXPath();

            String expression = ""/Employees/Employee[@emplid='"" + bar + ""']"";
            String result = xp.evaluate(expression, xmlDocument);

            response.getWriter().println(""Your query results are: "" + result + ""<br/>"");

        } catch (javax.xml.xpath.XPathExpressionException
                | javax.xml.parsers.ParserConfigurationException
                | org.xml.sax.SAXException e) {
            response.getWriter()
                    .println(
                            ""Error parsing XPath input: '""
                                    + org.owasp.esapi.ESAPI.encoder().encodeForHTML(bar)
                                    + ""'"");
            throw new ServletException(e);
        }
    }
}
", xpathi,643,True
BenchmarkTest00442.java,org.owasp.benchmark.testcode,/xpathi-00/BenchmarkTest00442,XPath Injection,"/**
 * OWASP Benchmark Project v1.2
 *
 * <p>This file is part of the Open Web Application Security Project (OWASP) Benchmark Project. For
 * details, please see <a
 * href=""https://owasp.org/www-project-benchmark/"">https://owasp.org/www-project-benchmark/</a>.
 *
 * <p>The OWASP Benchmark is free software: you can redistribute it and/or modify it under the terms
 * of the GNU General Public License as published by the Free Software Foundation, version 2.
 *
 * <p>The OWASP Benchmark is distributed in the hope that it will be useful, but WITHOUT ANY
 * WARRANTY; without even the implied warranty of MERCHANTABILITY or FITNESS FOR A PARTICULAR
 * PURPOSE. See the GNU General Public License for more details.
 *
 * @author Nick Sanidas
 * @created 2015
 */
package org.owasp.benchmark.testcode;

import java.io.IOException;
import javax.servlet.ServletException;
import javax.servlet.annotation.WebServlet;
import javax.servlet.http.HttpServlet;
import javax.servlet.http.HttpServletRequest;
import javax.servlet.http.HttpServletResponse;

@WebServlet(value = ""/xpathi-00/BenchmarkTest00442"")
public class BenchmarkTest00442 extends HttpServlet {

    private static final long serialVersionUID = 1L;

    @Override
    public void doGet(HttpServletRequest request, HttpServletResponse response)
            throws ServletException, IOException {
        doPost(request, response);
    }

    @Override
    public void doPost(HttpServletRequest request, HttpServletResponse response)
            throws ServletException, IOException {
        response.setContentType(""text/html;charset=UTF-8"");

        String param = request.getParameter(""BenchmarkTest00442"");
        if (param == null) param = """";

        String bar;

        // Simple ? condition that assigns param to bar on false condition
        int num = 106;

        bar = (7 * 42) - num > 200 ? ""This should never happen"" : param;

        try {
            java.io.FileInputStream file =
                    new java.io.FileInputStream(
                            org.owasp.benchmark.helpers.Utils.getFileFromClasspath(
                                    ""employees.xml"", this.getClass().getClassLoader()));
            javax.xml.parsers.DocumentBuilderFactory builderFactory =
                    javax.xml.parsers.DocumentBuilderFactory.newInstance();
            // Prevent XXE
            builderFactory.setFeature(""http://apache.org/xml/features/disallow-doctype-decl"", true);
            javax.xml.parsers.DocumentBuilder builder = builderFactory.newDocumentBuilder();
            org.w3c.dom.Document xmlDocument = builder.parse(file);
            javax.xml.xpath.XPathFactory xpf = javax.xml.xpath.XPathFactory.newInstance();
            javax.xml.xpath.XPath xp = xpf.newXPath();

            String expression = ""/Employees/Employee[@emplid='"" + bar + ""']"";
            String result = xp.evaluate(expression, xmlDocument);

            response.getWriter().println(""Your query results are: "" + result + ""<br/>"");

        } catch (javax.xml.xpath.XPathExpressionException
                | javax.xml.parsers.ParserConfigurationException
                | org.xml.sax.SAXException e) {
            response.getWriter()
                    .println(
                            ""Error parsing XPath input: '""
                                    + org.owasp.esapi.ESAPI.encoder().encodeForHTML(bar)
                                    + ""'"");
            throw new ServletException(e);
        }
    }
}
", xpathi,643,True
BenchmarkTest02189.java,org.owasp.benchmark.testcode,/xpathi-00/BenchmarkTest02189,XPath Injection,"/**
 * OWASP Benchmark Project v1.2
 *
 * <p>This file is part of the Open Web Application Security Project (OWASP) Benchmark Project. For
 * details, please see <a
 * href=""https://owasp.org/www-project-benchmark/"">https://owasp.org/www-project-benchmark/</a>.
 *
 * <p>The OWASP Benchmark is free software: you can redistribute it and/or modify it under the terms
 * of the GNU General Public License as published by the Free Software Foundation, version 2.
 *
 * <p>The OWASP Benchmark is distributed in the hope that it will be useful, but WITHOUT ANY
 * WARRANTY; without even the implied warranty of MERCHANTABILITY or FITNESS FOR A PARTICULAR
 * PURPOSE. See the GNU General Public License for more details.
 *
 * @author Nick Sanidas
 * @created 2015
 */
package org.owasp.benchmark.testcode;

import java.io.IOException;
import javax.servlet.ServletException;
import javax.servlet.annotation.WebServlet;
import javax.servlet.http.HttpServlet;
import javax.servlet.http.HttpServletRequest;
import javax.servlet.http.HttpServletResponse;

@WebServlet(value = ""/xpathi-00/BenchmarkTest02189"")
public class BenchmarkTest02189 extends HttpServlet {

    private static final long serialVersionUID = 1L;

    @Override
    public void doGet(HttpServletRequest request, HttpServletResponse response)
            throws ServletException, IOException {
        doPost(request, response);
    }

    @Override
    public void doPost(HttpServletRequest request, HttpServletResponse response)
            throws ServletException, IOException {
        response.setContentType(""text/html;charset=UTF-8"");

        String param = request.getParameter(""BenchmarkTest02189"");
        if (param == null) param = """";

        String bar = doSomething(request, param);

        try {
            java.io.FileInputStream file =
                    new java.io.FileInputStream(
                            org.owasp.benchmark.helpers.Utils.getFileFromClasspath(
                                    ""employees.xml"", this.getClass().getClassLoader()));
            javax.xml.parsers.DocumentBuilderFactory builderFactory =
                    javax.xml.parsers.DocumentBuilderFactory.newInstance();
            // Prevent XXE
            builderFactory.setFeature(""http://apache.org/xml/features/disallow-doctype-decl"", true);
            javax.xml.parsers.DocumentBuilder builder = builderFactory.newDocumentBuilder();
            org.w3c.dom.Document xmlDocument = builder.parse(file);
            javax.xml.xpath.XPathFactory xpf = javax.xml.xpath.XPathFactory.newInstance();
            javax.xml.xpath.XPath xp = xpf.newXPath();

            String expression = ""/Employees/Employee[@emplid='"" + bar + ""']"";
            org.w3c.dom.NodeList nodeList =
                    (org.w3c.dom.NodeList)
                            xp.compile(expression)
                                    .evaluate(xmlDocument, javax.xml.xpath.XPathConstants.NODESET);

            response.getWriter().println(""Your query results are: <br/>"");

            for (int i = 0; i < nodeList.getLength(); i++) {
                org.w3c.dom.Element value = (org.w3c.dom.Element) nodeList.item(i);
                response.getWriter().println(value.getTextContent() + ""<br/>"");
            }
        } catch (javax.xml.xpath.XPathExpressionException
                | javax.xml.parsers.ParserConfigurationException
                | org.xml.sax.SAXException e) {
            response.getWriter()
                    .println(
                            ""Error parsing XPath input: '""
                                    + org.owasp.esapi.ESAPI.encoder().encodeForHTML(bar)
                                    + ""'"");
            throw new ServletException(e);
        }
    } // end doPost

    private static String doSomething(HttpServletRequest request, String param)
            throws ServletException, IOException {

        String bar = param;

        return bar;
    }
}
", xpathi,643,True
BenchmarkTest01224.java,org.owasp.benchmark.testcode,/xpathi-00/BenchmarkTest01224,XPath Injection,"/**
 * OWASP Benchmark Project v1.2
 *
 * <p>This file is part of the Open Web Application Security Project (OWASP) Benchmark Project. For
 * details, please see <a
 * href=""https://owasp.org/www-project-benchmark/"">https://owasp.org/www-project-benchmark/</a>.
 *
 * <p>The OWASP Benchmark is free software: you can redistribute it and/or modify it under the terms
 * of the GNU General Public License as published by the Free Software Foundation, version 2.
 *
 * <p>The OWASP Benchmark is distributed in the hope that it will be useful, but WITHOUT ANY
 * WARRANTY; without even the implied warranty of MERCHANTABILITY or FITNESS FOR A PARTICULAR
 * PURPOSE. See the GNU General Public License for more details.
 *
 * @author Dave Wichers
 * @created 2015
 */
package org.owasp.benchmark.testcode;

import java.io.IOException;
import javax.servlet.ServletException;
import javax.servlet.annotation.WebServlet;
import javax.servlet.http.HttpServlet;
import javax.servlet.http.HttpServletRequest;
import javax.servlet.http.HttpServletResponse;

@WebServlet(value = ""/xpathi-00/BenchmarkTest01224"")
public class BenchmarkTest01224 extends HttpServlet {

    private static final long serialVersionUID = 1L;

    @Override
    public void doGet(HttpServletRequest request, HttpServletResponse response)
            throws ServletException, IOException {
        doPost(request, response);
    }

    @Override
    public void doPost(HttpServletRequest request, HttpServletResponse response)
            throws ServletException, IOException {
        response.setContentType(""text/html;charset=UTF-8"");

        String param = """";
        java.util.Enumeration<String> headers = request.getHeaders(""BenchmarkTest01224"");

        if (headers != null && headers.hasMoreElements()) {
            param = headers.nextElement(); // just grab first element
        }

        // URL Decode the header value since req.getHeaders() doesn't. Unlike req.getParameters().
        param = java.net.URLDecoder.decode(param, ""UTF-8"");

        String bar = new Test().doSomething(request, param);

        try {
            java.io.FileInputStream file =
                    new java.io.FileInputStream(
                            org.owasp.benchmark.helpers.Utils.getFileFromClasspath(
                                    ""employees.xml"", this.getClass().getClassLoader()));
            javax.xml.parsers.DocumentBuilderFactory builderFactory =
                    javax.xml.parsers.DocumentBuilderFactory.newInstance();
            // Prevent XXE
            builderFactory.setFeature(""http://apache.org/xml/features/disallow-doctype-decl"", true);
            javax.xml.parsers.DocumentBuilder builder = builderFactory.newDocumentBuilder();
            org.w3c.dom.Document xmlDocument = builder.parse(file);
            javax.xml.xpath.XPathFactory xpf = javax.xml.xpath.XPathFactory.newInstance();
            javax.xml.xpath.XPath xp = xpf.newXPath();

            String expression = ""/Employees/Employee[@emplid='"" + bar + ""']"";
            String result = xp.evaluate(expression, xmlDocument);

            response.getWriter().println(""Your query results are: "" + result + ""<br/>"");

        } catch (javax.xml.xpath.XPathExpressionException
                | javax.xml.parsers.ParserConfigurationException
                | org.xml.sax.SAXException e) {
            response.getWriter()
                    .println(
                            ""Error parsing XPath input: '""
                                    + org.owasp.esapi.ESAPI.encoder().encodeForHTML(bar)
                                    + ""'"");
            throw new ServletException(e);
        }
    } // end doPost

    private class Test {

        public String doSomething(HttpServletRequest request, String param)
                throws ServletException, IOException {

            String bar = """";
            if (param != null) {
                java.util.List<String> valuesList = new java.util.ArrayList<String>();
                valuesList.add(""safe"");
                valuesList.add(param);
                valuesList.add(""moresafe"");

                valuesList.remove(0); // remove the 1st safe value

                bar = valuesList.get(0); // get the param value
            }

            return bar;
        }
    } // end innerclass Test
} // end DataflowThruInnerClass
", xpathi,643,True
BenchmarkTest00382.java,org.owasp.benchmark.testcode,/xss-00/BenchmarkTest00382,Cross Site Scripting,"/**
 * OWASP Benchmark Project v1.2
 *
 * <p>This file is part of the Open Web Application Security Project (OWASP) Benchmark Project. For
 * details, please see <a
 * href=""https://owasp.org/www-project-benchmark/"">https://owasp.org/www-project-benchmark/</a>.
 *
 * <p>The OWASP Benchmark is free software: you can redistribute it and/or modify it under the terms
 * of the GNU General Public License as published by the Free Software Foundation, version 2.
 *
 * <p>The OWASP Benchmark is distributed in the hope that it will be useful, but WITHOUT ANY
 * WARRANTY; without even the implied warranty of MERCHANTABILITY or FITNESS FOR A PARTICULAR
 * PURPOSE. See the GNU General Public License for more details.
 *
 * @author Nick Sanidas
 * @created 2015
 */
package org.owasp.benchmark.testcode;

import java.io.IOException;
import javax.servlet.ServletException;
import javax.servlet.annotation.WebServlet;
import javax.servlet.http.HttpServlet;
import javax.servlet.http.HttpServletRequest;
import javax.servlet.http.HttpServletResponse;

@WebServlet(value = ""/xss-00/BenchmarkTest00382"")
public class BenchmarkTest00382 extends HttpServlet {

    private static final long serialVersionUID = 1L;

    @Override
    public void doGet(HttpServletRequest request, HttpServletResponse response)
            throws ServletException, IOException {
        doPost(request, response);
    }

    @Override
    public void doPost(HttpServletRequest request, HttpServletResponse response)
            throws ServletException, IOException {
        response.setContentType(""text/html;charset=UTF-8"");

        String param = request.getParameter(""BenchmarkTest00382"");
        if (param == null) param = """";

        String bar = """";
        if (param != null) {
            java.util.List<String> valuesList = new java.util.ArrayList<String>();
            valuesList.add(""safe"");
            valuesList.add(param);
            valuesList.add(""moresafe"");

            valuesList.remove(0); // remove the 1st safe value

            bar = valuesList.get(0); // get the param value
        }

        response.setHeader(""X-XSS-Protection"", ""0"");
        Object[] obj = {""a"", ""b""};
        response.getWriter().printf(java.util.Locale.US, bar, obj);
    }
}
", xss,79,True
BenchmarkTest00048.java,org.owasp.benchmark.testcode,/xss-00/BenchmarkTest00048,Cross Site Scripting,"/**
 * OWASP Benchmark v1.2
 *
 * <p>This file is part of the Open Web Application Security Project (OWASP) Benchmark Project. For
 * details, please see <a
 * href=""https://owasp.org/www-project-benchmark/"">https://owasp.org/www-project-benchmark/</a>.
 *
 * <p>The OWASP Benchmark is free software: you can redistribute it and/or modify it under the terms
 * of the GNU General Public License as published by the Free Software Foundation, version 2.
 *
 * <p>The OWASP Benchmark is distributed in the hope that it will be useful, but WITHOUT ANY
 * WARRANTY; without even the implied warranty of MERCHANTABILITY or FITNESS FOR A PARTICULAR
 * PURPOSE. See the GNU General Public License for more details.
 *
 * @author Dave Wichers
 * @created 2015
 */
package org.owasp.benchmark.testcode;

import java.io.IOException;
import javax.servlet.ServletException;
import javax.servlet.annotation.WebServlet;
import javax.servlet.http.HttpServlet;
import javax.servlet.http.HttpServletRequest;
import javax.servlet.http.HttpServletResponse;

@WebServlet(value = ""/xss-00/BenchmarkTest00048"")
public class BenchmarkTest00048 extends HttpServlet {

    private static final long serialVersionUID = 1L;

    @Override
    public void doGet(HttpServletRequest request, HttpServletResponse response)
            throws ServletException, IOException {
        doPost(request, response);
    }

    @Override
    public void doPost(HttpServletRequest request, HttpServletResponse response)
            throws ServletException, IOException {
        // some code
        response.setContentType(""text/html;charset=UTF-8"");

        String queryString = request.getQueryString();
        String paramval = ""BenchmarkTest00048"" + ""="";
        int paramLoc = -1;
        if (queryString != null) paramLoc = queryString.indexOf(paramval);
        if (paramLoc == -1) {
            response.getWriter()
                    .println(
                            ""getQueryString() couldn't find expected parameter '""
                                    + ""BenchmarkTest00048""
                                    + ""' in query string."");
            return;
        }

        String param =
                queryString.substring(
                        paramLoc
                                + paramval
                                        .length()); // 1st assume ""BenchmarkTest00048"" param is last
        // parameter in query string.
        // And then check to see if its in the middle of the query string and if so, trim off what
        // comes after.
        int ampersandLoc = queryString.indexOf(""&"", paramLoc);
        if (ampersandLoc != -1) {
            param = queryString.substring(paramLoc + paramval.length(), ampersandLoc);
        }
        param = java.net.URLDecoder.decode(param, ""UTF-8"");

        response.setHeader(""X-XSS-Protection"", ""0"");
        response.getWriter().print(param.toCharArray());
    }
}
", xss,79,True
BenchmarkTest02129.java,org.owasp.benchmark.testcode,/xss-04/BenchmarkTest02129,Cross Site Scripting,"/**
 * OWASP Benchmark Project v1.2
 *
 * <p>This file is part of the Open Web Application Security Project (OWASP) Benchmark Project. For
 * details, please see <a
 * href=""https://owasp.org/www-project-benchmark/"">https://owasp.org/www-project-benchmark/</a>.
 *
 * <p>The OWASP Benchmark is free software: you can redistribute it and/or modify it under the terms
 * of the GNU General Public License as published by the Free Software Foundation, version 2.
 *
 * <p>The OWASP Benchmark is distributed in the hope that it will be useful, but WITHOUT ANY
 * WARRANTY; without even the implied warranty of MERCHANTABILITY or FITNESS FOR A PARTICULAR
 * PURPOSE. See the GNU General Public License for more details.
 *
 * @author Nick Sanidas
 * @created 2015
 */
package org.owasp.benchmark.testcode;

import java.io.IOException;
import javax.servlet.ServletException;
import javax.servlet.annotation.WebServlet;
import javax.servlet.http.HttpServlet;
import javax.servlet.http.HttpServletRequest;
import javax.servlet.http.HttpServletResponse;

@WebServlet(value = ""/xss-04/BenchmarkTest02129"")
public class BenchmarkTest02129 extends HttpServlet {

    private static final long serialVersionUID = 1L;

    @Override
    public void doGet(HttpServletRequest request, HttpServletResponse response)
            throws ServletException, IOException {
        doPost(request, response);
    }

    @Override
    public void doPost(HttpServletRequest request, HttpServletResponse response)
            throws ServletException, IOException {
        response.setContentType(""text/html;charset=UTF-8"");

        String param = request.getParameter(""BenchmarkTest02129"");
        if (param == null) param = """";

        String bar = doSomething(request, param);

        response.setHeader(""X-XSS-Protection"", ""0"");
        Object[] obj = {""a"", bar};
        response.getWriter().printf(java.util.Locale.US, ""Formatted like: %1$s and %2$s."", obj);
    } // end doPost

    private static String doSomething(HttpServletRequest request, String param)
            throws ServletException, IOException {

        String bar = """";
        if (param != null) bar = param.split("" "")[0];

        return bar;
    }
}
", xss,79,True
BenchmarkTest00811.java,org.owasp.benchmark.testcode,/xss-01/BenchmarkTest00811,Cross Site Scripting,"/**
 * OWASP Benchmark Project v1.2
 *
 * <p>This file is part of the Open Web Application Security Project (OWASP) Benchmark Project. For
 * details, please see <a
 * href=""https://owasp.org/www-project-benchmark/"">https://owasp.org/www-project-benchmark/</a>.
 *
 * <p>The OWASP Benchmark is free software: you can redistribute it and/or modify it under the terms
 * of the GNU General Public License as published by the Free Software Foundation, version 2.
 *
 * <p>The OWASP Benchmark is distributed in the hope that it will be useful, but WITHOUT ANY
 * WARRANTY; without even the implied warranty of MERCHANTABILITY or FITNESS FOR A PARTICULAR
 * PURPOSE. See the GNU General Public License for more details.
 *
 * @author Nick Sanidas
 * @created 2015
 */
package org.owasp.benchmark.testcode;

import java.io.IOException;
import javax.servlet.ServletException;
import javax.servlet.annotation.WebServlet;
import javax.servlet.http.HttpServlet;
import javax.servlet.http.HttpServletRequest;
import javax.servlet.http.HttpServletResponse;

@WebServlet(value = ""/xss-01/BenchmarkTest00811"")
public class BenchmarkTest00811 extends HttpServlet {

    private static final long serialVersionUID = 1L;

    @Override
    public void doGet(HttpServletRequest request, HttpServletResponse response)
            throws ServletException, IOException {
        doPost(request, response);
    }

    @Override
    public void doPost(HttpServletRequest request, HttpServletResponse response)
            throws ServletException, IOException {
        response.setContentType(""text/html;charset=UTF-8"");

        String queryString = request.getQueryString();
        String paramval = ""BenchmarkTest00811"" + ""="";
        int paramLoc = -1;
        if (queryString != null) paramLoc = queryString.indexOf(paramval);
        if (paramLoc == -1) {
            response.getWriter()
                    .println(
                            ""getQueryString() couldn't find expected parameter '""
                                    + ""BenchmarkTest00811""
                                    + ""' in query string."");
            return;
        }

        String param =
                queryString.substring(
                        paramLoc
                                + paramval
                                        .length()); // 1st assume ""BenchmarkTest00811"" param is last
        // parameter in query string.
        // And then check to see if its in the middle of the query string and if so, trim off what
        // comes after.
        int ampersandLoc = queryString.indexOf(""&"", paramLoc);
        if (ampersandLoc != -1) {
            param = queryString.substring(paramLoc + paramval.length(), ampersandLoc);
        }
        param = java.net.URLDecoder.decode(param, ""UTF-8"");

        String bar;
        String guess = ""ABC"";
        char switchTarget = guess.charAt(2);

        // Simple case statement that assigns param to bar on conditions 'A', 'C', or 'D'
        switch (switchTarget) {
            case 'A':
                bar = param;
                break;
            case 'B':
                bar = ""bobs_your_uncle"";
                break;
            case 'C':
            case 'D':
                bar = param;
                break;
            default:
                bar = ""bobs_your_uncle"";
                break;
        }

        response.setHeader(""X-XSS-Protection"", ""0"");
        response.getWriter().println(bar.toCharArray());
    }
}
", xss,79,True
BenchmarkTest01665.java,org.owasp.benchmark.testcode,/xss-03/BenchmarkTest01665,Cross Site Scripting,"/**
 * OWASP Benchmark Project v1.2
 *
 * <p>This file is part of the Open Web Application Security Project (OWASP) Benchmark Project. For
 * details, please see <a
 * href=""https://owasp.org/www-project-benchmark/"">https://owasp.org/www-project-benchmark/</a>.
 *
 * <p>The OWASP Benchmark is free software: you can redistribute it and/or modify it under the terms
 * of the GNU General Public License as published by the Free Software Foundation, version 2.
 *
 * <p>The OWASP Benchmark is distributed in the hope that it will be useful, but WITHOUT ANY
 * WARRANTY; without even the implied warranty of MERCHANTABILITY or FITNESS FOR A PARTICULAR
 * PURPOSE. See the GNU General Public License for more details.
 *
 * @author Dave Wichers
 * @created 2015
 */
package org.owasp.benchmark.testcode;

import java.io.IOException;
import javax.servlet.ServletException;
import javax.servlet.annotation.WebServlet;
import javax.servlet.http.HttpServlet;
import javax.servlet.http.HttpServletRequest;
import javax.servlet.http.HttpServletResponse;

@WebServlet(value = ""/xss-03/BenchmarkTest01665"")
public class BenchmarkTest01665 extends HttpServlet {

    private static final long serialVersionUID = 1L;

    @Override
    public void doGet(HttpServletRequest request, HttpServletResponse response)
            throws ServletException, IOException {
        doPost(request, response);
    }

    @Override
    public void doPost(HttpServletRequest request, HttpServletResponse response)
            throws ServletException, IOException {
        response.setContentType(""text/html;charset=UTF-8"");

        String queryString = request.getQueryString();
        String paramval = ""BenchmarkTest01665"" + ""="";
        int paramLoc = -1;
        if (queryString != null) paramLoc = queryString.indexOf(paramval);
        if (paramLoc == -1) {
            response.getWriter()
                    .println(
                            ""getQueryString() couldn't find expected parameter '""
                                    + ""BenchmarkTest01665""
                                    + ""' in query string."");
            return;
        }

        String param =
                queryString.substring(
                        paramLoc
                                + paramval
                                        .length()); // 1st assume ""BenchmarkTest01665"" param is last
        // parameter in query string.
        // And then check to see if its in the middle of the query string and if so, trim off what
        // comes after.
        int ampersandLoc = queryString.indexOf(""&"", paramLoc);
        if (ampersandLoc != -1) {
            param = queryString.substring(paramLoc + paramval.length(), ampersandLoc);
        }
        param = java.net.URLDecoder.decode(param, ""UTF-8"");

        String bar = new Test().doSomething(request, param);

        response.setHeader(""X-XSS-Protection"", ""0"");
        response.getWriter().println(bar.toCharArray());
    } // end doPost

    private class Test {

        public String doSomething(HttpServletRequest request, String param)
                throws ServletException, IOException {

            StringBuilder sbxyz55941 = new StringBuilder(param);
            String bar = sbxyz55941.append(""_SafeStuff"").toString();

            return bar;
        }
    } // end innerclass Test
} // end DataflowThruInnerClass
", xss,79,True
BenchmarkTest02126.java,org.owasp.benchmark.testcode,/xss-04/BenchmarkTest02126,Cross Site Scripting,"/**
 * OWASP Benchmark Project v1.2
 *
 * <p>This file is part of the Open Web Application Security Project (OWASP) Benchmark Project. For
 * details, please see <a
 * href=""https://owasp.org/www-project-benchmark/"">https://owasp.org/www-project-benchmark/</a>.
 *
 * <p>The OWASP Benchmark is free software: you can redistribute it and/or modify it under the terms
 * of the GNU General Public License as published by the Free Software Foundation, version 2.
 *
 * <p>The OWASP Benchmark is distributed in the hope that it will be useful, but WITHOUT ANY
 * WARRANTY; without even the implied warranty of MERCHANTABILITY or FITNESS FOR A PARTICULAR
 * PURPOSE. See the GNU General Public License for more details.
 *
 * @author Nick Sanidas
 * @created 2015
 */
package org.owasp.benchmark.testcode;

import java.io.IOException;
import javax.servlet.ServletException;
import javax.servlet.annotation.WebServlet;
import javax.servlet.http.HttpServlet;
import javax.servlet.http.HttpServletRequest;
import javax.servlet.http.HttpServletResponse;

@WebServlet(value = ""/xss-04/BenchmarkTest02126"")
public class BenchmarkTest02126 extends HttpServlet {

    private static final long serialVersionUID = 1L;

    @Override
    public void doGet(HttpServletRequest request, HttpServletResponse response)
            throws ServletException, IOException {
        doPost(request, response);
    }

    @Override
    public void doPost(HttpServletRequest request, HttpServletResponse response)
            throws ServletException, IOException {
        response.setContentType(""text/html;charset=UTF-8"");

        String param = request.getParameter(""BenchmarkTest02126"");
        if (param == null) param = """";

        String bar = doSomething(request, param);

        response.setHeader(""X-XSS-Protection"", ""0"");
        response.getWriter().print(bar);
    } // end doPost

    private static String doSomething(HttpServletRequest request, String param)
            throws ServletException, IOException {

        // Chain a bunch of propagators in sequence
        String a64181 = param; // assign
        StringBuilder b64181 = new StringBuilder(a64181); // stick in stringbuilder
        b64181.append("" SafeStuff""); // append some safe content
        b64181.replace(
                b64181.length() - ""Chars"".length(),
                b64181.length(),
                ""Chars""); // replace some of the end content
        java.util.HashMap<String, Object> map64181 = new java.util.HashMap<String, Object>();
        map64181.put(""key64181"", b64181.toString()); // put in a collection
        String c64181 = (String) map64181.get(""key64181""); // get it back out
        String d64181 = c64181.substring(0, c64181.length() - 1); // extract most of it
        String e64181 =
                new String(
                        org.apache.commons.codec.binary.Base64.decodeBase64(
                                org.apache.commons.codec.binary.Base64.encodeBase64(
                                        d64181.getBytes()))); // B64 encode and decode it
        String f64181 = e64181.split("" "")[0]; // split it on a space
        org.owasp.benchmark.helpers.ThingInterface thing =
                org.owasp.benchmark.helpers.ThingFactory.createThing();
        String bar = thing.doSomething(f64181); // reflection

        return bar;
    }
}
", xss,79,True
BenchmarkTest02228.java,org.owasp.benchmark.testcode,/xss-04/BenchmarkTest02228,Cross Site Scripting,"/**
 * OWASP Benchmark Project v1.2
 *
 * <p>This file is part of the Open Web Application Security Project (OWASP) Benchmark Project. For
 * details, please see <a
 * href=""https://owasp.org/www-project-benchmark/"">https://owasp.org/www-project-benchmark/</a>.
 *
 * <p>The OWASP Benchmark is free software: you can redistribute it and/or modify it under the terms
 * of the GNU General Public License as published by the Free Software Foundation, version 2.
 *
 * <p>The OWASP Benchmark is distributed in the hope that it will be useful, but WITHOUT ANY
 * WARRANTY; without even the implied warranty of MERCHANTABILITY or FITNESS FOR A PARTICULAR
 * PURPOSE. See the GNU General Public License for more details.
 *
 * @author Nick Sanidas
 * @created 2015
 */
package org.owasp.benchmark.testcode;

import java.io.IOException;
import javax.servlet.ServletException;
import javax.servlet.annotation.WebServlet;
import javax.servlet.http.HttpServlet;
import javax.servlet.http.HttpServletRequest;
import javax.servlet.http.HttpServletResponse;

@WebServlet(value = ""/xss-04/BenchmarkTest02228"")
public class BenchmarkTest02228 extends HttpServlet {

    private static final long serialVersionUID = 1L;

    @Override
    public void doGet(HttpServletRequest request, HttpServletResponse response)
            throws ServletException, IOException {
        doPost(request, response);
    }

    @Override
    public void doPost(HttpServletRequest request, HttpServletResponse response)
            throws ServletException, IOException {
        response.setContentType(""text/html;charset=UTF-8"");

        java.util.Map<String, String[]> map = request.getParameterMap();
        String param = """";
        if (!map.isEmpty()) {
            String[] values = map.get(""BenchmarkTest02228"");
            if (values != null) param = values[0];
        }

        String bar = doSomething(request, param);

        response.setHeader(""X-XSS-Protection"", ""0"");
        response.getWriter().print(bar);
    } // end doPost

    private static String doSomething(HttpServletRequest request, String param)
            throws ServletException, IOException {

        StringBuilder sbxyz60124 = new StringBuilder(param);
        String bar = sbxyz60124.append(""_SafeStuff"").toString();

        return bar;
    }
}
", xss,79,True
BenchmarkTest01253.java,org.owasp.benchmark.testcode,/xss-02/BenchmarkTest01253,Cross Site Scripting,"/**
 * OWASP Benchmark Project v1.2
 *
 * <p>This file is part of the Open Web Application Security Project (OWASP) Benchmark Project. For
 * details, please see <a
 * href=""https://owasp.org/www-project-benchmark/"">https://owasp.org/www-project-benchmark/</a>.
 *
 * <p>The OWASP Benchmark is free software: you can redistribute it and/or modify it under the terms
 * of the GNU General Public License as published by the Free Software Foundation, version 2.
 *
 * <p>The OWASP Benchmark is distributed in the hope that it will be useful, but WITHOUT ANY
 * WARRANTY; without even the implied warranty of MERCHANTABILITY or FITNESS FOR A PARTICULAR
 * PURPOSE. See the GNU General Public License for more details.
 *
 * @author Dave Wichers
 * @created 2015
 */
package org.owasp.benchmark.testcode;

import java.io.IOException;
import javax.servlet.ServletException;
import javax.servlet.annotation.WebServlet;
import javax.servlet.http.HttpServlet;
import javax.servlet.http.HttpServletRequest;
import javax.servlet.http.HttpServletResponse;

@WebServlet(value = ""/xss-02/BenchmarkTest01253"")
public class BenchmarkTest01253 extends HttpServlet {

    private static final long serialVersionUID = 1L;

    @Override
    public void doGet(HttpServletRequest request, HttpServletResponse response)
            throws ServletException, IOException {
        doPost(request, response);
    }

    @Override
    public void doPost(HttpServletRequest request, HttpServletResponse response)
            throws ServletException, IOException {
        response.setContentType(""text/html;charset=UTF-8"");

        String param = request.getParameter(""BenchmarkTest01253"");
        if (param == null) param = """";

        String bar = new Test().doSomething(request, param);

        response.setHeader(""X-XSS-Protection"", ""0"");
        Object[] obj = {""a"", ""b""};
        response.getWriter().format(bar, obj);
    } // end doPost

    private class Test {

        public String doSomething(HttpServletRequest request, String param)
                throws ServletException, IOException {

            String bar = ""safe!"";
            java.util.HashMap<String, Object> map15481 = new java.util.HashMap<String, Object>();
            map15481.put(""keyA-15481"", ""a-Value""); // put some stuff in the collection
            map15481.put(""keyB-15481"", param); // put it in a collection
            map15481.put(""keyC"", ""another-Value""); // put some stuff in the collection
            bar = (String) map15481.get(""keyB-15481""); // get it back out

            return bar;
        }
    } // end innerclass Test
} // end DataflowThruInnerClass
", xss,79,True
BenchmarkTest00145.java,org.owasp.benchmark.testcode,/xss-00/BenchmarkTest00145,Cross Site Scripting,"/**
 * OWASP Benchmark Project v1.2
 *
 * <p>This file is part of the Open Web Application Security Project (OWASP) Benchmark Project. For
 * details, please see <a
 * href=""https://owasp.org/www-project-benchmark/"">https://owasp.org/www-project-benchmark/</a>.
 *
 * <p>The OWASP Benchmark is free software: you can redistribute it and/or modify it under the terms
 * of the GNU General Public License as published by the Free Software Foundation, version 2.
 *
 * <p>The OWASP Benchmark is distributed in the hope that it will be useful, but WITHOUT ANY
 * WARRANTY; without even the implied warranty of MERCHANTABILITY or FITNESS FOR A PARTICULAR
 * PURPOSE. See the GNU General Public License for more details.
 *
 * @author Nick Sanidas
 * @created 2015
 */
package org.owasp.benchmark.testcode;

import java.io.IOException;
import javax.servlet.ServletException;
import javax.servlet.annotation.WebServlet;
import javax.servlet.http.HttpServlet;
import javax.servlet.http.HttpServletRequest;
import javax.servlet.http.HttpServletResponse;

@WebServlet(value = ""/xss-00/BenchmarkTest00145"")
public class BenchmarkTest00145 extends HttpServlet {

    private static final long serialVersionUID = 1L;

    @Override
    public void doGet(HttpServletRequest request, HttpServletResponse response)
            throws ServletException, IOException {
        doPost(request, response);
    }

    @Override
    public void doPost(HttpServletRequest request, HttpServletResponse response)
            throws ServletException, IOException {
        response.setContentType(""text/html;charset=UTF-8"");

        String param = """";
        if (request.getHeader(""Referer"") != null) {
            param = request.getHeader(""Referer"");
        }

        // URL Decode the header value since req.getHeader() doesn't. Unlike req.getParameter().
        param = java.net.URLDecoder.decode(param, ""UTF-8"");

        String bar = ""safe!"";
        java.util.HashMap<String, Object> map17589 = new java.util.HashMap<String, Object>();
        map17589.put(""keyA-17589"", ""a-Value""); // put some stuff in the collection
        map17589.put(""keyB-17589"", param); // put it in a collection
        map17589.put(""keyC"", ""another-Value""); // put some stuff in the collection
        bar = (String) map17589.get(""keyB-17589""); // get it back out

        response.setHeader(""X-XSS-Protection"", ""0"");
        Object[] obj = {""a"", ""b""};
        response.getWriter().format(java.util.Locale.US, bar, obj);
    }
}
", xss,79,True
BenchmarkTest02583.java,org.owasp.benchmark.testcode,/xss-05/BenchmarkTest02583,Cross Site Scripting,"/**
 * OWASP Benchmark Project v1.2
 *
 * <p>This file is part of the Open Web Application Security Project (OWASP) Benchmark Project. For
 * details, please see <a
 * href=""https://owasp.org/www-project-benchmark/"">https://owasp.org/www-project-benchmark/</a>.
 *
 * <p>The OWASP Benchmark is free software: you can redistribute it and/or modify it under the terms
 * of the GNU General Public License as published by the Free Software Foundation, version 2.
 *
 * <p>The OWASP Benchmark is distributed in the hope that it will be useful, but WITHOUT ANY
 * WARRANTY; without even the implied warranty of MERCHANTABILITY or FITNESS FOR A PARTICULAR
 * PURPOSE. See the GNU General Public License for more details.
 *
 * @author Nick Sanidas
 * @created 2015
 */
package org.owasp.benchmark.testcode;

import java.io.IOException;
import javax.servlet.ServletException;
import javax.servlet.annotation.WebServlet;
import javax.servlet.http.HttpServlet;
import javax.servlet.http.HttpServletRequest;
import javax.servlet.http.HttpServletResponse;

@WebServlet(value = ""/xss-05/BenchmarkTest02583"")
public class BenchmarkTest02583 extends HttpServlet {

    private static final long serialVersionUID = 1L;

    @Override
    public void doGet(HttpServletRequest request, HttpServletResponse response)
            throws ServletException, IOException {
        doPost(request, response);
    }

    @Override
    public void doPost(HttpServletRequest request, HttpServletResponse response)
            throws ServletException, IOException {
        response.setContentType(""text/html;charset=UTF-8"");

        String queryString = request.getQueryString();
        String paramval = ""BenchmarkTest02583"" + ""="";
        int paramLoc = -1;
        if (queryString != null) paramLoc = queryString.indexOf(paramval);
        if (paramLoc == -1) {
            response.getWriter()
                    .println(
                            ""getQueryString() couldn't find expected parameter '""
                                    + ""BenchmarkTest02583""
                                    + ""' in query string."");
            return;
        }

        String param =
                queryString.substring(
                        paramLoc
                                + paramval
                                        .length()); // 1st assume ""BenchmarkTest02583"" param is last
        // parameter in query string.
        // And then check to see if its in the middle of the query string and if so, trim off what
        // comes after.
        int ampersandLoc = queryString.indexOf(""&"", paramLoc);
        if (ampersandLoc != -1) {
            param = queryString.substring(paramLoc + paramval.length(), ampersandLoc);
        }
        param = java.net.URLDecoder.decode(param, ""UTF-8"");

        String bar = doSomething(request, param);

        response.setHeader(""X-XSS-Protection"", ""0"");
        response.getWriter().print(bar);
    } // end doPost

    private static String doSomething(HttpServletRequest request, String param)
            throws ServletException, IOException {

        String bar = param;

        return bar;
    }
}
", xss,79,True
